id_ligne;id_ligne_source;cle_metier;lot;famille;batiment;niveau;designation;quantite;unite;prix_unitaire_ht;prix_total_ht;montant_local;PU_IMPORT_HT;CAPEX_IMPORT;CAPEX_LOCAL;ECONOMIE_NETTE;DECISION_IMPORT;capex_optimise;economie_nette;decision_import;statut_ligne;project_code;batiment_code;niveau_code;appartement_code;piece_code;lot_code;sous_lot_code;article_id;code_article;bim_object;ifc_guid;pu_import;montant_import;decision;fournisseur;execution_status;workflow_status;risque;eta;bim_maturity;source_file_type
LOT_ELEC|OBJ_00001;OBJ_00001;LOT_ELEC|BAT_01|N1|SPOT LED ENCASTRÉ;LOT_ELEC;default;BAT_01;N1;Spot LED encastré;24.0;u;15000.0;360000.0;360000.0;12540.0;300960.0;360000.0;59040.0;IMPORT;300960.0;59040.0;IMPORT;OK;PROJ_001;BAT_01;N1;A101;SEJOUR;LOT_ELEC;ELEC_EN;OBJ_00001;ELEC-EN-001;IfcLightFixture;IFC_00001;12000.0;288000.0;IMPORT;SP2I Procurement;NON_COMMENCE;DQE_VALIDATED;LOW;2026-10-01;BIM_READY;
LOT_ELEC|OBJ_00002;OBJ_00002;LOT_ELEC|BAT_01|N1|PRISE 2P+T;LOT_ELEC;default;BAT_01;N1;Prise 2P+T;18.0;u;12000.0;216000.0;216000.0;10032.0;180576.0;216000.0;35424.0;IMPORT;180576.0;35424.0;IMPORT;OK;PROJ_001;BAT_01;N1;A101;SEJOUR;LOT_ELEC;ELEC_PC;OBJ_00002;ELEC-PC-001;IfcOutlet;IFC_00002;9000.0;162000.0;IMPORT;SP2I Procurement;NON_COMMENCE;DQE_VALIDATED;LOW;2026-10-01;BIM_READY;
LOT_CAR|OBJ_00003;OBJ_00003;LOT_CAR|BAT_01|N1|CARRELAGE 120X120;LOT_CAR;default;BAT_01;N1;Carrelage 120x120;70.0;m²;28000.0;1960000.0;1960000.0;23408.0;1638560.0;1960000.0;321440.0;IMPORT;1638560.0;321440.0;IMPORT;OK;PROJ_001;BAT_01;N1;A101;SEJOUR;LOT_CAR;CAR_SOL;OBJ_00003;CAR-120-001;IfcCovering;IFC_00003;19000.0;1330000.0;IMPORT;SP2I Procurement;NON_COMMENCE;DQE_VALIDATED;LOW;2026-10-01;BIM_READY;
LOT_FP|OBJ_00004;OBJ_00004;LOT_FP|BAT_01|N1|FAUX PLAFOND BA13;LOT_FP;default;BAT_01;N1;Faux plafond BA13;70.0;m²;18000.0;1260000.0;1260000.0;15048.0;1053360.0;1260000.0;206640.0;IMPORT;1053360.0;206640.0;IMPORT;OK;PROJ_001;BAT_01;N1;A101;SEJOUR;LOT_FP;FP_BA13;OBJ_00004;FP-001;IfcCovering;IFC_00004;14000.0;980000.0;IMPORT;SP2I Procurement;NON_COMMENCE;DQE_VALIDATED;LOW;2026-10-01;BIM_READY;
LOT_PNT|OBJ_00005;OBJ_00005;LOT_PNT|BAT_01|N1|PEINTURE SATINÉE MURS;LOT_PNT;peinture;BAT_01;N1;Peinture satinée murs;70.0;m²;6500.0;455000.0;455000.0;5434.0;380380.0;455000.0;74620.0;IMPORT;380380.0;74620.0;IMPORT;OK;PROJ_001;BAT_01;N1;A101;SEJOUR;LOT_PNT;PNT_MUR;OBJ_00005;PNT-001;IfcCovering;IFC_00005;5000.0;350000.0;IMPORT;SP2I Procurement;NON_COMMENCE;DQE_VALIDATED;LOW;2026-10-01;BIM_READY;
LOT_CVC|OBJ_00006;OBJ_00006;LOT_CVC|BAT_01|N1|SPLIT MURAL;LOT_CVC;default;BAT_01;N1;Split mural;1.0;u;450000.0;450000.0;450000.0;376200.0;376200.0;450000.0;73800.0;IMPORT;376200.0;73800.0;IMPORT;OK;PROJ_001;BAT_01;N1;A101;SEJOUR;LOT_CVC;CVC_UI;OBJ_00006;CVC-UI-001;IfcUnitaryEquipment;IFC_00006;320000.0;320000.0;IMPORT;SP2I Procurement;NON_COMMENCE;DQE_VALIDATED;LOW;2026-10-01;BIM_READY;
LOT_ELEC|OBJ_00007;OBJ_00007;LOT_ELEC|BAT_01|N1|SPOT LED ENCASTRÉ;LOT_ELEC;default;BAT_01;N1;Spot LED encastré;8.0;u;15000.0;120000.0;120000.0;12540.0;100320.0;120000.0;19680.0;IMPORT;100320.0;19680.0;IMPORT;OK;PROJ_001;BAT_01;N1;A101;CUISINE;LOT_ELEC;ELEC_EN;OBJ_00007;ELEC-EN-001;IfcLightFixture;IFC_00007;12000.0;96000.0;IMPORT;SP2I Procurement;NON_COMMENCE;DQE_VALIDATED;LOW;2026-10-01;BIM_READY;
LOT_ELEC|OBJ_00008;OBJ_00008;LOT_ELEC|BAT_01|N1|PRISE 2P+T;LOT_ELEC;default;BAT_01;N1;Prise 2P+T;6.0;u;12000.0;72000.0;72000.0;10032.0;60192.0;72000.0;11808.0;IMPORT;60192.0;11808.0;IMPORT;OK;PROJ_001;BAT_01;N1;A101;CUISINE;LOT_ELEC;ELEC_PC;OBJ_00008;ELEC-PC-001;IfcOutlet;IFC_00008;9000.0;54000.0;IMPORT;SP2I Procurement;NON_COMMENCE;DQE_VALIDATED;LOW;2026-10-01;BIM_READY;
LOT_CAR|OBJ_00009;OBJ_00009;LOT_CAR|BAT_01|N1|CARRELAGE 120X120;LOT_CAR;default;BAT_01;N1;Carrelage 120x120;18.0;m²;28000.0;504000.0;504000.0;23408.0;421344.0;504000.0;82656.0;IMPORT;421344.0;82656.0;IMPORT;OK;PROJ_001;BAT_01;N1;A101;CUISINE;LOT_CAR;CAR_SOL;OBJ_00009;CAR-120-001;IfcCovering;IFC_00009;19000.0;342000.0;IMPORT;SP2I Procurement;NON_COMMENCE;DQE_VALIDATED;LOW;2026-10-01;BIM_READY;
LOT_FP|OBJ_00010;OBJ_00010;LOT_FP|BAT_01|N1|FAUX PLAFOND BA13;LOT_FP;default;BAT_01;N1;Faux plafond BA13;18.0;m²;18000.0;324000.0;324000.0;15048.0;270864.0;324000.0;53136.0;IMPORT;270864.0;53136.0;IMPORT;OK;PROJ_001;BAT_01;N1;A101;CUISINE;LOT_FP;FP_BA13;OBJ_00010;FP-001;IfcCovering;IFC_00010;14000.0;252000.0;IMPORT;SP2I Procurement;NON_COMMENCE;DQE_VALIDATED;LOW;2026-10-01;BIM_READY;
LOT_PNT|OBJ_00011;OBJ_00011;LOT_PNT|BAT_01|N1|PEINTURE SATINÉE MURS;LOT_PNT;peinture;BAT_01;N1;Peinture satinée murs;18.0;m²;6500.0;117000.0;117000.0;5434.0;97812.0;117000.0;19188.0;IMPORT;97812.0;19188.0;IMPORT;OK;PROJ_001;BAT_01;N1;A101;CUISINE;LOT_PNT;PNT_MUR;OBJ_00011;PNT-001;IfcCovering;IFC_00011;5000.0;90000.0;IMPORT;SP2I Procurement;NON_COMMENCE;DQE_VALIDATED;LOW;2026-10-01;BIM_READY;
LOT_CVC|OBJ_00012;OBJ_00012;LOT_CVC|BAT_01|N1|SPLIT MURAL;LOT_CVC;default;BAT_01;N1;Split mural;1.0;u;450000.0;450000.0;450000.0;376200.0;376200.0;450000.0;73800.0;IMPORT;376200.0;73800.0;IMPORT;OK;PROJ_001;BAT_01;N1;A101;CUISINE;LOT_CVC;CVC_UI;OBJ_00012;CVC-UI-001;IfcUnitaryEquipment;IFC_00012;320000.0;320000.0;IMPORT;SP2I Procurement;NON_COMMENCE;DQE_VALIDATED;LOW;2026-10-01;BIM_READY;
LOT_ELEC|OBJ_00013;OBJ_00013;LOT_ELEC|BAT_01|N1|SPOT LED ENCASTRÉ;LOT_ELEC;default;BAT_01;N1;Spot LED encastré;8.0;u;15000.0;120000.0;120000.0;12540.0;100320.0;120000.0;19680.0;IMPORT;100320.0;19680.0;IMPORT;OK;PROJ_001;BAT_01;N1;A101;CHAMBRE_1;LOT_ELEC;ELEC_EN;OBJ_00013;ELEC-EN-001;IfcLightFixture;IFC_00013;12000.0;96000.0;IMPORT;SP2I Procurement;NON_COMMENCE;DQE_VALIDATED;LOW;2026-10-01;BIM_READY;
LOT_ELEC|OBJ_00014;OBJ_00014;LOT_ELEC|BAT_01|N1|PRISE 2P+T;LOT_ELEC;default;BAT_01;N1;Prise 2P+T;6.0;u;12000.0;72000.0;72000.0;10032.0;60192.0;72000.0;11808.0;IMPORT;60192.0;11808.0;IMPORT;OK;PROJ_001;BAT_01;N1;A101;CHAMBRE_1;LOT_ELEC;ELEC_PC;OBJ_00014;ELEC-PC-001;IfcOutlet;IFC_00014;9000.0;54000.0;IMPORT;SP2I Procurement;NON_COMMENCE;DQE_VALIDATED;LOW;2026-10-01;BIM_READY;
LOT_CAR|OBJ_00015;OBJ_00015;LOT_CAR|BAT_01|N1|CARRELAGE 120X120;LOT_CAR;default;BAT_01;N1;Carrelage 120x120;27.0;m²;28000.0;756000.0;756000.0;23408.0;632016.0;756000.0;123984.0;IMPORT;632016.0;123984.0;IMPORT;OK;PROJ_001;BAT_01;N1;A101;CHAMBRE_1;LOT_CAR;CAR_SOL;OBJ_00015;CAR-120-001;IfcCovering;IFC_00015;19000.0;513000.0;IMPORT;SP2I Procurement;NON_COMMENCE;DQE_VALIDATED;LOW;2026-10-01;BIM_READY;
LOT_FP|OBJ_00016;OBJ_00016;LOT_FP|BAT_01|N1|FAUX PLAFOND BA13;LOT_FP;default;BAT_01;N1;Faux plafond BA13;27.0;m²;18000.0;486000.0;486000.0;15048.0;406296.0;486000.0;79704.0;IMPORT;406296.0;79704.0;IMPORT;OK;PROJ_001;BAT_01;N1;A101;CHAMBRE_1;LOT_FP;FP_BA13;OBJ_00016;FP-001;IfcCovering;IFC_00016;14000.0;378000.0;IMPORT;SP2I Procurement;NON_COMMENCE;DQE_VALIDATED;LOW;2026-10-01;BIM_READY;
LOT_PNT|OBJ_00017;OBJ_00017;LOT_PNT|BAT_01|N1|PEINTURE SATINÉE MURS;LOT_PNT;peinture;BAT_01;N1;Peinture satinée murs;27.0;m²;6500.0;175500.0;175500.0;5434.0;146718.0;175500.0;28782.0;IMPORT;146718.0;28782.0;IMPORT;OK;PROJ_001;BAT_01;N1;A101;CHAMBRE_1;LOT_PNT;PNT_MUR;OBJ_00017;PNT-001;IfcCovering;IFC_00017;5000.0;135000.0;IMPORT;SP2I Procurement;NON_COMMENCE;DQE_VALIDATED;LOW;2026-10-01;BIM_READY;
LOT_CVC|OBJ_00018;OBJ_00018;LOT_CVC|BAT_01|N1|SPLIT MURAL;LOT_CVC;default;BAT_01;N1;Split mural;1.0;u;450000.0;450000.0;450000.0;376200.0;376200.0;450000.0;73800.0;IMPORT;376200.0;73800.0;IMPORT;OK;PROJ_001;BAT_01;N1;A101;CHAMBRE_1;LOT_CVC;CVC_UI;OBJ_00018;CVC-UI-001;IfcUnitaryEquipment;IFC_00018;320000.0;320000.0;IMPORT;SP2I Procurement;NON_COMMENCE;DQE_VALIDATED;LOW;2026-10-01;BIM_READY;
LOT_ELEC|OBJ_00019;OBJ_00019;LOT_ELEC|BAT_01|N1|SPOT LED ENCASTRÉ;LOT_ELEC;default;BAT_01;N1;Spot LED encastré;8.0;u;15000.0;120000.0;120000.0;12540.0;100320.0;120000.0;19680.0;IMPORT;100320.0;19680.0;IMPORT;OK;PROJ_001;BAT_01;N1;A101;CHAMBRE_2;LOT_ELEC;ELEC_EN;OBJ_00019;ELEC-EN-001;IfcLightFixture;IFC_00019;12000.0;96000.0;IMPORT;SP2I Procurement;NON_COMMENCE;DQE_VALIDATED;LOW;2026-10-01;BIM_READY;
LOT_ELEC|OBJ_00020;OBJ_00020;LOT_ELEC|BAT_01|N1|PRISE 2P+T;LOT_ELEC;default;BAT_01;N1;Prise 2P+T;6.0;u;12000.0;72000.0;72000.0;10032.0;60192.0;72000.0;11808.0;IMPORT;60192.0;11808.0;IMPORT;OK;PROJ_001;BAT_01;N1;A101;CHAMBRE_2;LOT_ELEC;ELEC_PC;OBJ_00020;ELEC-PC-001;IfcOutlet;IFC_00020;9000.0;54000.0;IMPORT;SP2I Procurement;NON_COMMENCE;DQE_VALIDATED;LOW;2026-10-01;BIM_READY;
LOT_CAR|OBJ_00021;OBJ_00021;LOT_CAR|BAT_01|N1|CARRELAGE 120X120;LOT_CAR;default;BAT_01;N1;Carrelage 120x120;16.0;m²;28000.0;448000.0;448000.0;23408.0;374528.0;448000.0;73472.0;IMPORT;374528.0;73472.0;IMPORT;OK;PROJ_001;BAT_01;N1;A101;CHAMBRE_2;LOT_CAR;CAR_SOL;OBJ_00021;CAR-120-001;IfcCovering;IFC_00021;19000.0;304000.0;IMPORT;SP2I Procurement;NON_COMMENCE;DQE_VALIDATED;LOW;2026-10-01;BIM_READY;
LOT_FP|OBJ_00022;OBJ_00022;LOT_FP|BAT_01|N1|FAUX PLAFOND BA13;LOT_FP;default;BAT_01;N1;Faux plafond BA13;16.0;m²;18000.0;288000.0;288000.0;15048.0;240768.0;288000.0;47232.0;IMPORT;240768.0;47232.0;IMPORT;OK;PROJ_001;BAT_01;N1;A101;CHAMBRE_2;LOT_FP;FP_BA13;OBJ_00022;FP-001;IfcCovering;IFC_00022;14000.0;224000.0;IMPORT;SP2I Procurement;NON_COMMENCE;DQE_VALIDATED;LOW;2026-10-01;BIM_READY;
LOT_PNT|OBJ_00023;OBJ_00023;LOT_PNT|BAT_01|N1|PEINTURE SATINÉE MURS;LOT_PNT;peinture;BAT_01;N1;Peinture satinée murs;16.0;m²;6500.0;104000.0;104000.0;5434.0;86944.0;104000.0;17056.0;IMPORT;86944.0;17056.0;IMPORT;OK;PROJ_001;BAT_01;N1;A101;CHAMBRE_2;LOT_PNT;PNT_MUR;OBJ_00023;PNT-001;IfcCovering;IFC_00023;5000.0;80000.0;IMPORT;SP2I Procurement;NON_COMMENCE;DQE_VALIDATED;LOW;2026-10-01;BIM_READY;
LOT_CVC|OBJ_00024;OBJ_00024;LOT_CVC|BAT_01|N1|SPLIT MURAL;LOT_CVC;default;BAT_01;N1;Split mural;1.0;u;450000.0;450000.0;450000.0;376200.0;376200.0;450000.0;73800.0;IMPORT;376200.0;73800.0;IMPORT;OK;PROJ_001;BAT_01;N1;A101;CHAMBRE_2;LOT_CVC;CVC_UI;OBJ_00024;CVC-UI-001;IfcUnitaryEquipment;IFC_00024;320000.0;320000.0;IMPORT;SP2I Procurement;NON_COMMENCE;DQE_VALIDATED;LOW;2026-10-01;BIM_READY;
LOT_ELEC|OBJ_00025;OBJ_00025;LOT_ELEC|BAT_01|N1|SPOT LED ENCASTRÉ;LOT_ELEC;default;BAT_01;N1;Spot LED encastré;8.0;u;15000.0;120000.0;120000.0;12540.0;100320.0;120000.0;19680.0;IMPORT;100320.0;19680.0;IMPORT;OK;PROJ_001;BAT_01;N1;A101;CHAMBRE_3;LOT_ELEC;ELEC_EN;OBJ_00025;ELEC-EN-001;IfcLightFixture;IFC_00025;12000.0;96000.0;IMPORT;SP2I Procurement;NON_COMMENCE;DQE_VALIDATED;LOW;2026-10-01;BIM_READY;
LOT_ELEC|OBJ_00026;OBJ_00026;LOT_ELEC|BAT_01|N1|PRISE 2P+T;LOT_ELEC;default;BAT_01;N1;Prise 2P+T;6.0;u;12000.0;72000.0;72000.0;10032.0;60192.0;72000.0;11808.0;IMPORT;60192.0;11808.0;IMPORT;OK;PROJ_001;BAT_01;N1;A101;CHAMBRE_3;LOT_ELEC;ELEC_PC;OBJ_00026;ELEC-PC-001;IfcOutlet;IFC_00026;9000.0;54000.0;IMPORT;SP2I Procurement;NON_COMMENCE;DQE_VALIDATED;LOW;2026-10-01;BIM_READY;
LOT_CAR|OBJ_00027;OBJ_00027;LOT_CAR|BAT_01|N1|CARRELAGE 120X120;LOT_CAR;default;BAT_01;N1;Carrelage 120x120;18.0;m²;28000.0;504000.0;504000.0;23408.0;421344.0;504000.0;82656.0;IMPORT;421344.0;82656.0;IMPORT;OK;PROJ_001;BAT_01;N1;A101;CHAMBRE_3;LOT_CAR;CAR_SOL;OBJ_00027;CAR-120-001;IfcCovering;IFC_00027;19000.0;342000.0;IMPORT;SP2I Procurement;NON_COMMENCE;DQE_VALIDATED;LOW;2026-10-01;BIM_READY;
LOT_FP|OBJ_00028;OBJ_00028;LOT_FP|BAT_01|N1|FAUX PLAFOND BA13;LOT_FP;default;BAT_01;N1;Faux plafond BA13;18.0;m²;18000.0;324000.0;324000.0;15048.0;270864.0;324000.0;53136.0;IMPORT;270864.0;53136.0;IMPORT;OK;PROJ_001;BAT_01;N1;A101;CHAMBRE_3;LOT_FP;FP_BA13;OBJ_00028;FP-001;IfcCovering;IFC_00028;14000.0;252000.0;IMPORT;SP2I Procurement;NON_COMMENCE;DQE_VALIDATED;LOW;2026-10-01;BIM_READY;
LOT_PNT|OBJ_00029;OBJ_00029;LOT_PNT|BAT_01|N1|PEINTURE SATINÉE MURS;LOT_PNT;peinture;BAT_01;N1;Peinture satinée murs;18.0;m²;6500.0;117000.0;117000.0;5434.0;97812.0;117000.0;19188.0;IMPORT;97812.0;19188.0;IMPORT;OK;PROJ_001;BAT_01;N1;A101;CHAMBRE_3;LOT_PNT;PNT_MUR;OBJ_00029;PNT-001;IfcCovering;IFC_00029;5000.0;90000.0;IMPORT;SP2I Procurement;NON_COMMENCE;DQE_VALIDATED;LOW;2026-10-01;BIM_READY;
LOT_CVC|OBJ_00030;OBJ_00030;LOT_CVC|BAT_01|N1|SPLIT MURAL;LOT_CVC;default;BAT_01;N1;Split mural;1.0;u;450000.0;450000.0;450000.0;376200.0;376200.0;450000.0;73800.0;IMPORT;376200.0;73800.0;IMPORT;OK;PROJ_001;BAT_01;N1;A101;CHAMBRE_3;LOT_CVC;CVC_UI;OBJ_00030;CVC-UI-001;IfcUnitaryEquipment;IFC_00030;320000.0;320000.0;IMPORT;SP2I Procurement;NON_COMMENCE;DQE_VALIDATED;LOW;2026-10-01;BIM_READY;
LOT_ELEC|OBJ_00031;OBJ_00031;LOT_ELEC|BAT_01|N1|SPOT LED ENCASTRÉ;LOT_ELEC;default;BAT_01;N1;Spot LED encastré;8.0;u;15000.0;120000.0;120000.0;12540.0;100320.0;120000.0;19680.0;IMPORT;100320.0;19680.0;IMPORT;OK;PROJ_001;BAT_01;N1;A101;SDB_PARENTALE;LOT_ELEC;ELEC_EN;OBJ_00031;ELEC-EN-001;IfcLightFixture;IFC_00031;12000.0;96000.0;IMPORT;SP2I Procurement;NON_COMMENCE;DQE_VALIDATED;LOW;2026-10-01;BIM_READY;
LOT_ELEC|OBJ_00032;OBJ_00032;LOT_ELEC|BAT_01|N1|PRISE 2P+T;LOT_ELEC;default;BAT_01;N1;Prise 2P+T;6.0;u;12000.0;72000.0;72000.0;10032.0;60192.0;72000.0;11808.0;IMPORT;60192.0;11808.0;IMPORT;OK;PROJ_001;BAT_01;N1;A101;SDB_PARENTALE;LOT_ELEC;ELEC_PC;OBJ_00032;ELEC-PC-001;IfcOutlet;IFC_00032;9000.0;54000.0;IMPORT;SP2I Procurement;NON_COMMENCE;DQE_VALIDATED;LOW;2026-10-01;BIM_READY;
LOT_CAR|OBJ_00033;OBJ_00033;LOT_CAR|BAT_01|N1|CARRELAGE 120X120;LOT_CAR;default;BAT_01;N1;Carrelage 120x120;8.0;m²;28000.0;224000.0;224000.0;23408.0;187264.0;224000.0;36736.0;IMPORT;187264.0;36736.0;IMPORT;OK;PROJ_001;BAT_01;N1;A101;SDB_PARENTALE;LOT_CAR;CAR_SOL;OBJ_00033;CAR-120-001;IfcCovering;IFC_00033;19000.0;152000.0;IMPORT;SP2I Procurement;NON_COMMENCE;DQE_VALIDATED;LOW;2026-10-01;BIM_READY;
LOT_FP|OBJ_00034;OBJ_00034;LOT_FP|BAT_01|N1|FAUX PLAFOND BA13;LOT_FP;default;BAT_01;N1;Faux plafond BA13;8.0;m²;18000.0;144000.0;144000.0;15048.0;120384.0;144000.0;23616.0;IMPORT;120384.0;23616.0;IMPORT;OK;PROJ_001;BAT_01;N1;A101;SDB_PARENTALE;LOT_FP;FP_BA13;OBJ_00034;FP-001;IfcCovering;IFC_00034;14000.0;112000.0;IMPORT;SP2I Procurement;NON_COMMENCE;DQE_VALIDATED;LOW;2026-10-01;BIM_READY;
LOT_PNT|OBJ_00035;OBJ_00035;LOT_PNT|BAT_01|N1|PEINTURE SATINÉE MURS;LOT_PNT;peinture;BAT_01;N1;Peinture satinée murs;8.0;m²;6500.0;52000.0;52000.0;5434.0;43472.0;52000.0;8528.0;IMPORT;43472.0;8528.0;IMPORT;OK;PROJ_001;BAT_01;N1;A101;SDB_PARENTALE;LOT_PNT;PNT_MUR;OBJ_00035;PNT-001;IfcCovering;IFC_00035;5000.0;40000.0;IMPORT;SP2I Procurement;NON_COMMENCE;DQE_VALIDATED;LOW;2026-10-01;BIM_READY;
LOT_CVC|OBJ_00036;OBJ_00036;LOT_CVC|BAT_01|N1|SPLIT MURAL;LOT_CVC;default;BAT_01;N1;Split mural;1.0;u;450000.0;450000.0;450000.0;376200.0;376200.0;450000.0;73800.0;IMPORT;376200.0;73800.0;IMPORT;OK;PROJ_001;BAT_01;N1;A101;SDB_PARENTALE;LOT_CVC;CVC_UI;OBJ_00036;CVC-UI-001;IfcUnitaryEquipment;IFC_00036;320000.0;320000.0;IMPORT;SP2I Procurement;NON_COMMENCE;DQE_VALIDATED;LOW;2026-10-01;BIM_READY;
LOT_ELEC|OBJ_00037;OBJ_00037;LOT_ELEC|BAT_01|N1|SPOT LED ENCASTRÉ;LOT_ELEC;default;BAT_01;N1;Spot LED encastré;8.0;u;15000.0;120000.0;120000.0;12540.0;100320.0;120000.0;19680.0;IMPORT;100320.0;19680.0;IMPORT;OK;PROJ_001;BAT_01;N1;A101;SDB_2;LOT_ELEC;ELEC_EN;OBJ_00037;ELEC-EN-001;IfcLightFixture;IFC_00037;12000.0;96000.0;IMPORT;SP2I Procurement;NON_COMMENCE;DQE_VALIDATED;LOW;2026-10-01;BIM_READY;
LOT_ELEC|OBJ_00038;OBJ_00038;LOT_ELEC|BAT_01|N1|PRISE 2P+T;LOT_ELEC;default;BAT_01;N1;Prise 2P+T;6.0;u;12000.0;72000.0;72000.0;10032.0;60192.0;72000.0;11808.0;IMPORT;60192.0;11808.0;IMPORT;OK;PROJ_001;BAT_01;N1;A101;SDB_2;LOT_ELEC;ELEC_PC;OBJ_00038;ELEC-PC-001;IfcOutlet;IFC_00038;9000.0;54000.0;IMPORT;SP2I Procurement;NON_COMMENCE;DQE_VALIDATED;LOW;2026-10-01;BIM_READY;
LOT_CAR|OBJ_00039;OBJ_00039;LOT_CAR|BAT_01|N1|CARRELAGE 120X120;LOT_CAR;default;BAT_01;N1;Carrelage 120x120;4.2;m²;28000.0;117600.0;117600.0;23408.0;98313.6;117600.0;19286.4;IMPORT;98313.6;19286.4;IMPORT;OK;PROJ_001;BAT_01;N1;A101;SDB_2;LOT_CAR;CAR_SOL;OBJ_00039;CAR-120-001;IfcCovering;IFC_00039;19000.0;79800.0;IMPORT;SP2I Procurement;NON_COMMENCE;DQE_VALIDATED;LOW;2026-10-01;BIM_READY;
LOT_FP|OBJ_00040;OBJ_00040;LOT_FP|BAT_01|N1|FAUX PLAFOND BA13;LOT_FP;default;BAT_01;N1;Faux plafond BA13;4.2;m²;18000.0;75600.0;75600.0;15048.0;63201.6;75600.0;12398.4;IMPORT;63201.6;12398.4;IMPORT;OK;PROJ_001;BAT_01;N1;A101;SDB_2;LOT_FP;FP_BA13;OBJ_00040;FP-001;IfcCovering;IFC_00040;14000.0;58800.0;IMPORT;SP2I Procurement;NON_COMMENCE;DQE_VALIDATED;LOW;2026-10-01;BIM_READY;
LOT_PNT|OBJ_00041;OBJ_00041;LOT_PNT|BAT_01|N1|PEINTURE SATINÉE MURS;LOT_PNT;peinture;BAT_01;N1;Peinture satinée murs;4.2;m²;6500.0;27300.0;27300.0;5434.0;22822.8;27300.0;4477.2;IMPORT;22822.8;4477.2;IMPORT;OK;PROJ_001;BAT_01;N1;A101;SDB_2;LOT_PNT;PNT_MUR;OBJ_00041;PNT-001;IfcCovering;IFC_00041;5000.0;21000.0;IMPORT;SP2I Procurement;NON_COMMENCE;DQE_VALIDATED;LOW;2026-10-01;BIM_READY;
LOT_CVC|OBJ_00042;OBJ_00042;LOT_CVC|BAT_01|N1|SPLIT MURAL;LOT_CVC;default;BAT_01;N1;Split mural;1.0;u;450000.0;450000.0;450000.0;376200.0;376200.0;450000.0;73800.0;IMPORT;376200.0;73800.0;IMPORT;OK;PROJ_001;BAT_01;N1;A101;SDB_2;LOT_CVC;CVC_UI;OBJ_00042;CVC-UI-001;IfcUnitaryEquipment;IFC_00042;320000.0;320000.0;IMPORT;SP2I Procurement;NON_COMMENCE;DQE_VALIDATED;LOW;2026-10-01;BIM_READY;
LOT_ELEC|OBJ_00043;OBJ_00043;LOT_ELEC|BAT_01|N1|SPOT LED ENCASTRÉ;LOT_ELEC;default;BAT_01;N1;Spot LED encastré;8.0;u;15000.0;120000.0;120000.0;12540.0;100320.0;120000.0;19680.0;IMPORT;100320.0;19680.0;IMPORT;OK;PROJ_001;BAT_01;N1;A101;BALCON;LOT_ELEC;ELEC_EN;OBJ_00043;ELEC-EN-001;IfcLightFixture;IFC_00043;12000.0;96000.0;IMPORT;SP2I Procurement;NON_COMMENCE;DQE_VALIDATED;LOW;2026-10-01;BIM_READY;
LOT_ELEC|OBJ_00044;OBJ_00044;LOT_ELEC|BAT_01|N1|PRISE 2P+T;LOT_ELEC;default;BAT_01;N1;Prise 2P+T;6.0;u;12000.0;72000.0;72000.0;10032.0;60192.0;72000.0;11808.0;IMPORT;60192.0;11808.0;IMPORT;OK;PROJ_001;BAT_01;N1;A101;BALCON;LOT_ELEC;ELEC_PC;OBJ_00044;ELEC-PC-001;IfcOutlet;IFC_00044;9000.0;54000.0;IMPORT;SP2I Procurement;NON_COMMENCE;DQE_VALIDATED;LOW;2026-10-01;BIM_READY;
LOT_CAR|OBJ_00045;OBJ_00045;LOT_CAR|BAT_01|N1|CARRELAGE 120X120;LOT_CAR;default;BAT_01;N1;Carrelage 120x120;22.0;m²;28000.0;616000.0;616000.0;23408.0;514976.0;616000.0;101024.0;IMPORT;514976.0;101024.0;IMPORT;OK;PROJ_001;BAT_01;N1;A101;BALCON;LOT_CAR;CAR_SOL;OBJ_00045;CAR-120-001;IfcCovering;IFC_00045;19000.0;418000.0;IMPORT;SP2I Procurement;NON_COMMENCE;DQE_VALIDATED;LOW;2026-10-01;BIM_READY;
LOT_FP|OBJ_00046;OBJ_00046;LOT_FP|BAT_01|N1|FAUX PLAFOND BA13;LOT_FP;default;BAT_01;N1;Faux plafond BA13;22.0;m²;18000.0;396000.0;396000.0;15048.0;331056.0;396000.0;64944.0;IMPORT;331056.0;64944.0;IMPORT;OK;PROJ_001;BAT_01;N1;A101;BALCON;LOT_FP;FP_BA13;OBJ_00046;FP-001;IfcCovering;IFC_00046;14000.0;308000.0;IMPORT;SP2I Procurement;NON_COMMENCE;DQE_VALIDATED;LOW;2026-10-01;BIM_READY;
LOT_PNT|OBJ_00047;OBJ_00047;LOT_PNT|BAT_01|N1|PEINTURE SATINÉE MURS;LOT_PNT;peinture;BAT_01;N1;Peinture satinée murs;22.0;m²;6500.0;143000.0;143000.0;5434.0;119548.0;143000.0;23452.0;IMPORT;119548.0;23452.0;IMPORT;OK;PROJ_001;BAT_01;N1;A101;BALCON;LOT_PNT;PNT_MUR;OBJ_00047;PNT-001;IfcCovering;IFC_00047;5000.0;110000.0;IMPORT;SP2I Procurement;NON_COMMENCE;DQE_VALIDATED;LOW;2026-10-01;BIM_READY;
LOT_CVC|OBJ_00048;OBJ_00048;LOT_CVC|BAT_01|N1|SPLIT MURAL;LOT_CVC;default;BAT_01;N1;Split mural;1.0;u;450000.0;450000.0;450000.0;376200.0;376200.0;450000.0;73800.0;IMPORT;376200.0;73800.0;IMPORT;OK;PROJ_001;BAT_01;N1;A101;BALCON;LOT_CVC;CVC_UI;OBJ_00048;CVC-UI-001;IfcUnitaryEquipment;IFC_00048;320000.0;320000.0;IMPORT;SP2I Procurement;NON_COMMENCE;DQE_VALIDATED;LOW;2026-10-01;BIM_READY;
LOT_ELEC|OBJ_00049;OBJ_00049;LOT_ELEC|BAT_01|N1|SPOT LED ENCASTRÉ;LOT_ELEC;default;BAT_01;N1;Spot LED encastré;24.0;u;15000.0;360000.0;360000.0;12540.0;300960.0;360000.0;59040.0;IMPORT;300960.0;59040.0;IMPORT;OK;PROJ_001;BAT_01;N1;B101;SEJOUR;LOT_ELEC;ELEC_EN;OBJ_00049;ELEC-EN-001;IfcLightFixture;IFC_00049;12000.0;288000.0;IMPORT;SP2I Procurement;NON_COMMENCE;DQE_VALIDATED;LOW;2026-10-01;BIM_READY;
LOT_ELEC|OBJ_00050;OBJ_00050;LOT_ELEC|BAT_01|N1|PRISE 2P+T;LOT_ELEC;default;BAT_01;N1;Prise 2P+T;18.0;u;12000.0;216000.0;216000.0;10032.0;180576.0;216000.0;35424.0;IMPORT;180576.0;35424.0;IMPORT;OK;PROJ_001;BAT_01;N1;B101;SEJOUR;LOT_ELEC;ELEC_PC;OBJ_00050;ELEC-PC-001;IfcOutlet;IFC_00050;9000.0;162000.0;IMPORT;SP2I Procurement;NON_COMMENCE;DQE_VALIDATED;LOW;2026-10-01;BIM_READY;
LOT_CAR|OBJ_00051;OBJ_00051;LOT_CAR|BAT_01|N1|CARRELAGE 120X120;LOT_CAR;default;BAT_01;N1;Carrelage 120x120;70.0;m²;28000.0;1960000.0;1960000.0;23408.0;1638560.0;1960000.0;321440.0;IMPORT;1638560.0;321440.0;IMPORT;OK;PROJ_001;BAT_01;N1;B101;SEJOUR;LOT_CAR;CAR_SOL;OBJ_00051;CAR-120-001;IfcCovering;IFC_00051;19000.0;1330000.0;IMPORT;SP2I Procurement;NON_COMMENCE;DQE_VALIDATED;LOW;2026-10-01;BIM_READY;
LOT_FP|OBJ_00052;OBJ_00052;LOT_FP|BAT_01|N1|FAUX PLAFOND BA13;LOT_FP;default;BAT_01;N1;Faux plafond BA13;70.0;m²;18000.0;1260000.0;1260000.0;15048.0;1053360.0;1260000.0;206640.0;IMPORT;1053360.0;206640.0;IMPORT;OK;PROJ_001;BAT_01;N1;B101;SEJOUR;LOT_FP;FP_BA13;OBJ_00052;FP-001;IfcCovering;IFC_00052;14000.0;980000.0;IMPORT;SP2I Procurement;NON_COMMENCE;DQE_VALIDATED;LOW;2026-10-01;BIM_READY;
LOT_PNT|OBJ_00053;OBJ_00053;LOT_PNT|BAT_01|N1|PEINTURE SATINÉE MURS;LOT_PNT;peinture;BAT_01;N1;Peinture satinée murs;70.0;m²;6500.0;455000.0;455000.0;5434.0;380380.0;455000.0;74620.0;IMPORT;380380.0;74620.0;IMPORT;OK;PROJ_001;BAT_01;N1;B101;SEJOUR;LOT_PNT;PNT_MUR;OBJ_00053;PNT-001;IfcCovering;IFC_00053;5000.0;350000.0;IMPORT;SP2I Procurement;NON_COMMENCE;DQE_VALIDATED;LOW;2026-10-01;BIM_READY;
LOT_CVC|OBJ_00054;OBJ_00054;LOT_CVC|BAT_01|N1|SPLIT MURAL;LOT_CVC;default;BAT_01;N1;Split mural;1.0;u;450000.0;450000.0;450000.0;376200.0;376200.0;450000.0;73800.0;IMPORT;376200.0;73800.0;IMPORT;OK;PROJ_001;BAT_01;N1;B101;SEJOUR;LOT_CVC;CVC_UI;OBJ_00054;CVC-UI-001;IfcUnitaryEquipment;IFC_00054;320000.0;320000.0;IMPORT;SP2I Procurement;NON_COMMENCE;DQE_VALIDATED;LOW;2026-10-01;BIM_READY;
LOT_ELEC|OBJ_00055;OBJ_00055;LOT_ELEC|BAT_01|N1|SPOT LED ENCASTRÉ;LOT_ELEC;default;BAT_01;N1;Spot LED encastré;8.0;u;15000.0;120000.0;120000.0;12540.0;100320.0;120000.0;19680.0;IMPORT;100320.0;19680.0;IMPORT;OK;PROJ_001;BAT_01;N1;B101;CUISINE;LOT_ELEC;ELEC_EN;OBJ_00055;ELEC-EN-001;IfcLightFixture;IFC_00055;12000.0;96000.0;IMPORT;SP2I Procurement;NON_COMMENCE;DQE_VALIDATED;LOW;2026-10-01;BIM_READY;
LOT_ELEC|OBJ_00056;OBJ_00056;LOT_ELEC|BAT_01|N1|PRISE 2P+T;LOT_ELEC;default;BAT_01;N1;Prise 2P+T;6.0;u;12000.0;72000.0;72000.0;10032.0;60192.0;72000.0;11808.0;IMPORT;60192.0;11808.0;IMPORT;OK;PROJ_001;BAT_01;N1;B101;CUISINE;LOT_ELEC;ELEC_PC;OBJ_00056;ELEC-PC-001;IfcOutlet;IFC_00056;9000.0;54000.0;IMPORT;SP2I Procurement;NON_COMMENCE;DQE_VALIDATED;LOW;2026-10-01;BIM_READY;
LOT_CAR|OBJ_00057;OBJ_00057;LOT_CAR|BAT_01|N1|CARRELAGE 120X120;LOT_CAR;default;BAT_01;N1;Carrelage 120x120;18.0;m²;28000.0;504000.0;504000.0;23408.0;421344.0;504000.0;82656.0;IMPORT;421344.0;82656.0;IMPORT;OK;PROJ_001;BAT_01;N1;B101;CUISINE;LOT_CAR;CAR_SOL;OBJ_00057;CAR-120-001;IfcCovering;IFC_00057;19000.0;342000.0;IMPORT;SP2I Procurement;NON_COMMENCE;DQE_VALIDATED;LOW;2026-10-01;BIM_READY;
LOT_FP|OBJ_00058;OBJ_00058;LOT_FP|BAT_01|N1|FAUX PLAFOND BA13;LOT_FP;default;BAT_01;N1;Faux plafond BA13;18.0;m²;18000.0;324000.0;324000.0;15048.0;270864.0;324000.0;53136.0;IMPORT;270864.0;53136.0;IMPORT;OK;PROJ_001;BAT_01;N1;B101;CUISINE;LOT_FP;FP_BA13;OBJ_00058;FP-001;IfcCovering;IFC_00058;14000.0;252000.0;IMPORT;SP2I Procurement;NON_COMMENCE;DQE_VALIDATED;LOW;2026-10-01;BIM_READY;
LOT_PNT|OBJ_00059;OBJ_00059;LOT_PNT|BAT_01|N1|PEINTURE SATINÉE MURS;LOT_PNT;peinture;BAT_01;N1;Peinture satinée murs;18.0;m²;6500.0;117000.0;117000.0;5434.0;97812.0;117000.0;19188.0;IMPORT;97812.0;19188.0;IMPORT;OK;PROJ_001;BAT_01;N1;B101;CUISINE;LOT_PNT;PNT_MUR;OBJ_00059;PNT-001;IfcCovering;IFC_00059;5000.0;90000.0;IMPORT;SP2I Procurement;NON_COMMENCE;DQE_VALIDATED;LOW;2026-10-01;BIM_READY;
LOT_CVC|OBJ_00060;OBJ_00060;LOT_CVC|BAT_01|N1|SPLIT MURAL;LOT_CVC;default;BAT_01;N1;Split mural;1.0;u;450000.0;450000.0;450000.0;376200.0;376200.0;450000.0;73800.0;IMPORT;376200.0;73800.0;IMPORT;OK;PROJ_001;BAT_01;N1;B101;CUISINE;LOT_CVC;CVC_UI;OBJ_00060;CVC-UI-001;IfcUnitaryEquipment;IFC_00060;320000.0;320000.0;IMPORT;SP2I Procurement;NON_COMMENCE;DQE_VALIDATED;LOW;2026-10-01;BIM_READY;
LOT_ELEC|OBJ_00061;OBJ_00061;LOT_ELEC|BAT_01|N1|SPOT LED ENCASTRÉ;LOT_ELEC;default;BAT_01;N1;Spot LED encastré;8.0;u;15000.0;120000.0;120000.0;12540.0;100320.0;120000.0;19680.0;IMPORT;100320.0;19680.0;IMPORT;OK;PROJ_001;BAT_01;N1;B101;CHAMBRE_1;LOT_ELEC;ELEC_EN;OBJ_00061;ELEC-EN-001;IfcLightFixture;IFC_00061;12000.0;96000.0;IMPORT;SP2I Procurement;NON_COMMENCE;DQE_VALIDATED;LOW;2026-10-01;BIM_READY;
LOT_ELEC|OBJ_00062;OBJ_00062;LOT_ELEC|BAT_01|N1|PRISE 2P+T;LOT_ELEC;default;BAT_01;N1;Prise 2P+T;6.0;u;12000.0;72000.0;72000.0;10032.0;60192.0;72000.0;11808.0;IMPORT;60192.0;11808.0;IMPORT;OK;PROJ_001;BAT_01;N1;B101;CHAMBRE_1;LOT_ELEC;ELEC_PC;OBJ_00062;ELEC-PC-001;IfcOutlet;IFC_00062;9000.0;54000.0;IMPORT;SP2I Procurement;NON_COMMENCE;DQE_VALIDATED;LOW;2026-10-01;BIM_READY;
LOT_CAR|OBJ_00063;OBJ_00063;LOT_CAR|BAT_01|N1|CARRELAGE 120X120;LOT_CAR;default;BAT_01;N1;Carrelage 120x120;27.0;m²;28000.0;756000.0;756000.0;23408.0;632016.0;756000.0;123984.0;IMPORT;632016.0;123984.0;IMPORT;OK;PROJ_001;BAT_01;N1;B101;CHAMBRE_1;LOT_CAR;CAR_SOL;OBJ_00063;CAR-120-001;IfcCovering;IFC_00063;19000.0;513000.0;IMPORT;SP2I Procurement;NON_COMMENCE;DQE_VALIDATED;LOW;2026-10-01;BIM_READY;
LOT_FP|OBJ_00064;OBJ_00064;LOT_FP|BAT_01|N1|FAUX PLAFOND BA13;LOT_FP;default;BAT_01;N1;Faux plafond BA13;27.0;m²;18000.0;486000.0;486000.0;15048.0;406296.0;486000.0;79704.0;IMPORT;406296.0;79704.0;IMPORT;OK;PROJ_001;BAT_01;N1;B101;CHAMBRE_1;LOT_FP;FP_BA13;OBJ_00064;FP-001;IfcCovering;IFC_00064;14000.0;378000.0;IMPORT;SP2I Procurement;NON_COMMENCE;DQE_VALIDATED;LOW;2026-10-01;BIM_READY;
LOT_PNT|OBJ_00065;OBJ_00065;LOT_PNT|BAT_01|N1|PEINTURE SATINÉE MURS;LOT_PNT;peinture;BAT_01;N1;Peinture satinée murs;27.0;m²;6500.0;175500.0;175500.0;5434.0;146718.0;175500.0;28782.0;IMPORT;146718.0;28782.0;IMPORT;OK;PROJ_001;BAT_01;N1;B101;CHAMBRE_1;LOT_PNT;PNT_MUR;OBJ_00065;PNT-001;IfcCovering;IFC_00065;5000.0;135000.0;IMPORT;SP2I Procurement;NON_COMMENCE;DQE_VALIDATED;LOW;2026-10-01;BIM_READY;
LOT_CVC|OBJ_00066;OBJ_00066;LOT_CVC|BAT_01|N1|SPLIT MURAL;LOT_CVC;default;BAT_01;N1;Split mural;1.0;u;450000.0;450000.0;450000.0;376200.0;376200.0;450000.0;73800.0;IMPORT;376200.0;73800.0;IMPORT;OK;PROJ_001;BAT_01;N1;B101;CHAMBRE_1;LOT_CVC;CVC_UI;OBJ_00066;CVC-UI-001;IfcUnitaryEquipment;IFC_00066;320000.0;320000.0;IMPORT;SP2I Procurement;NON_COMMENCE;DQE_VALIDATED;LOW;2026-10-01;BIM_READY;
LOT_ELEC|OBJ_00067;OBJ_00067;LOT_ELEC|BAT_01|N1|SPOT LED ENCASTRÉ;LOT_ELEC;default;BAT_01;N1;Spot LED encastré;8.0;u;15000.0;120000.0;120000.0;12540.0;100320.0;120000.0;19680.0;IMPORT;100320.0;19680.0;IMPORT;OK;PROJ_001;BAT_01;N1;B101;CHAMBRE_2;LOT_ELEC;ELEC_EN;OBJ_00067;ELEC-EN-001;IfcLightFixture;IFC_00067;12000.0;96000.0;IMPORT;SP2I Procurement;NON_COMMENCE;DQE_VALIDATED;LOW;2026-10-01;BIM_READY;
LOT_ELEC|OBJ_00068;OBJ_00068;LOT_ELEC|BAT_01|N1|PRISE 2P+T;LOT_ELEC;default;BAT_01;N1;Prise 2P+T;6.0;u;12000.0;72000.0;72000.0;10032.0;60192.0;72000.0;11808.0;IMPORT;60192.0;11808.0;IMPORT;OK;PROJ_001;BAT_01;N1;B101;CHAMBRE_2;LOT_ELEC;ELEC_PC;OBJ_00068;ELEC-PC-001;IfcOutlet;IFC_00068;9000.0;54000.0;IMPORT;SP2I Procurement;NON_COMMENCE;DQE_VALIDATED;LOW;2026-10-01;BIM_READY;
LOT_CAR|OBJ_00069;OBJ_00069;LOT_CAR|BAT_01|N1|CARRELAGE 120X120;LOT_CAR;default;BAT_01;N1;Carrelage 120x120;16.0;m²;28000.0;448000.0;448000.0;23408.0;374528.0;448000.0;73472.0;IMPORT;374528.0;73472.0;IMPORT;OK;PROJ_001;BAT_01;N1;B101;CHAMBRE_2;LOT_CAR;CAR_SOL;OBJ_00069;CAR-120-001;IfcCovering;IFC_00069;19000.0;304000.0;IMPORT;SP2I Procurement;NON_COMMENCE;DQE_VALIDATED;LOW;2026-10-01;BIM_READY;
LOT_FP|OBJ_00070;OBJ_00070;LOT_FP|BAT_01|N1|FAUX PLAFOND BA13;LOT_FP;default;BAT_01;N1;Faux plafond BA13;16.0;m²;18000.0;288000.0;288000.0;15048.0;240768.0;288000.0;47232.0;IMPORT;240768.0;47232.0;IMPORT;OK;PROJ_001;BAT_01;N1;B101;CHAMBRE_2;LOT_FP;FP_BA13;OBJ_00070;FP-001;IfcCovering;IFC_00070;14000.0;224000.0;IMPORT;SP2I Procurement;NON_COMMENCE;DQE_VALIDATED;LOW;2026-10-01;BIM_READY;
LOT_PNT|OBJ_00071;OBJ_00071;LOT_PNT|BAT_01|N1|PEINTURE SATINÉE MURS;LOT_PNT;peinture;BAT_01;N1;Peinture satinée murs;16.0;m²;6500.0;104000.0;104000.0;5434.0;86944.0;104000.0;17056.0;IMPORT;86944.0;17056.0;IMPORT;OK;PROJ_001;BAT_01;N1;B101;CHAMBRE_2;LOT_PNT;PNT_MUR;OBJ_00071;PNT-001;IfcCovering;IFC_00071;5000.0;80000.0;IMPORT;SP2I Procurement;NON_COMMENCE;DQE_VALIDATED;LOW;2026-10-01;BIM_READY;
LOT_CVC|OBJ_00072;OBJ_00072;LOT_CVC|BAT_01|N1|SPLIT MURAL;LOT_CVC;default;BAT_01;N1;Split mural;1.0;u;450000.0;450000.0;450000.0;376200.0;376200.0;450000.0;73800.0;IMPORT;376200.0;73800.0;IMPORT;OK;PROJ_001;BAT_01;N1;B101;CHAMBRE_2;LOT_CVC;CVC_UI;OBJ_00072;CVC-UI-001;IfcUnitaryEquipment;IFC_00072;320000.0;320000.0;IMPORT;SP2I Procurement;NON_COMMENCE;DQE_VALIDATED;LOW;2026-10-01;BIM_READY;
LOT_ELEC|OBJ_00073;OBJ_00073;LOT_ELEC|BAT_01|N1|SPOT LED ENCASTRÉ;LOT_ELEC;default;BAT_01;N1;Spot LED encastré;8.0;u;15000.0;120000.0;120000.0;12540.0;100320.0;120000.0;19680.0;IMPORT;100320.0;19680.0;IMPORT;OK;PROJ_001;BAT_01;N1;B101;CHAMBRE_3;LOT_ELEC;ELEC_EN;OBJ_00073;ELEC-EN-001;IfcLightFixture;IFC_00073;12000.0;96000.0;IMPORT;SP2I Procurement;NON_COMMENCE;DQE_VALIDATED;LOW;2026-10-01;BIM_READY;
LOT_ELEC|OBJ_00074;OBJ_00074;LOT_ELEC|BAT_01|N1|PRISE 2P+T;LOT_ELEC;default;BAT_01;N1;Prise 2P+T;6.0;u;12000.0;72000.0;72000.0;10032.0;60192.0;72000.0;11808.0;IMPORT;60192.0;11808.0;IMPORT;OK;PROJ_001;BAT_01;N1;B101;CHAMBRE_3;LOT_ELEC;ELEC_PC;OBJ_00074;ELEC-PC-001;IfcOutlet;IFC_00074;9000.0;54000.0;IMPORT;SP2I Procurement;NON_COMMENCE;DQE_VALIDATED;LOW;2026-10-01;BIM_READY;
LOT_CAR|OBJ_00075;OBJ_00075;LOT_CAR|BAT_01|N1|CARRELAGE 120X120;LOT_CAR;default;BAT_01;N1;Carrelage 120x120;18.0;m²;28000.0;504000.0;504000.0;23408.0;421344.0;504000.0;82656.0;IMPORT;421344.0;82656.0;IMPORT;OK;PROJ_001;BAT_01;N1;B101;CHAMBRE_3;LOT_CAR;CAR_SOL;OBJ_00075;CAR-120-001;IfcCovering;IFC_00075;19000.0;342000.0;IMPORT;SP2I Procurement;NON_COMMENCE;DQE_VALIDATED;LOW;2026-10-01;BIM_READY;
LOT_FP|OBJ_00076;OBJ_00076;LOT_FP|BAT_01|N1|FAUX PLAFOND BA13;LOT_FP;default;BAT_01;N1;Faux plafond BA13;18.0;m²;18000.0;324000.0;324000.0;15048.0;270864.0;324000.0;53136.0;IMPORT;270864.0;53136.0;IMPORT;OK;PROJ_001;BAT_01;N1;B101;CHAMBRE_3;LOT_FP;FP_BA13;OBJ_00076;FP-001;IfcCovering;IFC_00076;14000.0;252000.0;IMPORT;SP2I Procurement;NON_COMMENCE;DQE_VALIDATED;LOW;2026-10-01;BIM_READY;
LOT_PNT|OBJ_00077;OBJ_00077;LOT_PNT|BAT_01|N1|PEINTURE SATINÉE MURS;LOT_PNT;peinture;BAT_01;N1;Peinture satinée murs;18.0;m²;6500.0;117000.0;117000.0;5434.0;97812.0;117000.0;19188.0;IMPORT;97812.0;19188.0;IMPORT;OK;PROJ_001;BAT_01;N1;B101;CHAMBRE_3;LOT_PNT;PNT_MUR;OBJ_00077;PNT-001;IfcCovering;IFC_00077;5000.0;90000.0;IMPORT;SP2I Procurement;NON_COMMENCE;DQE_VALIDATED;LOW;2026-10-01;BIM_READY;
LOT_CVC|OBJ_00078;OBJ_00078;LOT_CVC|BAT_01|N1|SPLIT MURAL;LOT_CVC;default;BAT_01;N1;Split mural;1.0;u;450000.0;450000.0;450000.0;376200.0;376200.0;450000.0;73800.0;IMPORT;376200.0;73800.0;IMPORT;OK;PROJ_001;BAT_01;N1;B101;CHAMBRE_3;LOT_CVC;CVC_UI;OBJ_00078;CVC-UI-001;IfcUnitaryEquipment;IFC_00078;320000.0;320000.0;IMPORT;SP2I Procurement;NON_COMMENCE;DQE_VALIDATED;LOW;2026-10-01;BIM_READY;
LOT_ELEC|OBJ_00079;OBJ_00079;LOT_ELEC|BAT_01|N1|SPOT LED ENCASTRÉ;LOT_ELEC;default;BAT_01;N1;Spot LED encastré;8.0;u;15000.0;120000.0;120000.0;12540.0;100320.0;120000.0;19680.0;IMPORT;100320.0;19680.0;IMPORT;OK;PROJ_001;BAT_01;N1;B101;SDB_PARENTALE;LOT_ELEC;ELEC_EN;OBJ_00079;ELEC-EN-001;IfcLightFixture;IFC_00079;12000.0;96000.0;IMPORT;SP2I Procurement;NON_COMMENCE;DQE_VALIDATED;LOW;2026-10-01;BIM_READY;
LOT_ELEC|OBJ_00080;OBJ_00080;LOT_ELEC|BAT_01|N1|PRISE 2P+T;LOT_ELEC;default;BAT_01;N1;Prise 2P+T;6.0;u;12000.0;72000.0;72000.0;10032.0;60192.0;72000.0;11808.0;IMPORT;60192.0;11808.0;IMPORT;OK;PROJ_001;BAT_01;N1;B101;SDB_PARENTALE;LOT_ELEC;ELEC_PC;OBJ_00080;ELEC-PC-001;IfcOutlet;IFC_00080;9000.0;54000.0;IMPORT;SP2I Procurement;NON_COMMENCE;DQE_VALIDATED;LOW;2026-10-01;BIM_READY;
LOT_CAR|OBJ_00081;OBJ_00081;LOT_CAR|BAT_01|N1|CARRELAGE 120X120;LOT_CAR;default;BAT_01;N1;Carrelage 120x120;8.0;m²;28000.0;224000.0;224000.0;23408.0;187264.0;224000.0;36736.0;IMPORT;187264.0;36736.0;IMPORT;OK;PROJ_001;BAT_01;N1;B101;SDB_PARENTALE;LOT_CAR;CAR_SOL;OBJ_00081;CAR-120-001;IfcCovering;IFC_00081;19000.0;152000.0;IMPORT;SP2I Procurement;NON_COMMENCE;DQE_VALIDATED;LOW;2026-10-01;BIM_READY;
LOT_FP|OBJ_00082;OBJ_00082;LOT_FP|BAT_01|N1|FAUX PLAFOND BA13;LOT_FP;default;BAT_01;N1;Faux plafond BA13;8.0;m²;18000.0;144000.0;144000.0;15048.0;120384.0;144000.0;23616.0;IMPORT;120384.0;23616.0;IMPORT;OK;PROJ_001;BAT_01;N1;B101;SDB_PARENTALE;LOT_FP;FP_BA13;OBJ_00082;FP-001;IfcCovering;IFC_00082;14000.0;112000.0;IMPORT;SP2I Procurement;NON_COMMENCE;DQE_VALIDATED;LOW;2026-10-01;BIM_READY;
LOT_PNT|OBJ_00083;OBJ_00083;LOT_PNT|BAT_01|N1|PEINTURE SATINÉE MURS;LOT_PNT;peinture;BAT_01;N1;Peinture satinée murs;8.0;m²;6500.0;52000.0;52000.0;5434.0;43472.0;52000.0;8528.0;IMPORT;43472.0;8528.0;IMPORT;OK;PROJ_001;BAT_01;N1;B101;SDB_PARENTALE;LOT_PNT;PNT_MUR;OBJ_00083;PNT-001;IfcCovering;IFC_00083;5000.0;40000.0;IMPORT;SP2I Procurement;NON_COMMENCE;DQE_VALIDATED;LOW;2026-10-01;BIM_READY;
LOT_CVC|OBJ_00084;OBJ_00084;LOT_CVC|BAT_01|N1|SPLIT MURAL;LOT_CVC;default;BAT_01;N1;Split mural;1.0;u;450000.0;450000.0;450000.0;376200.0;376200.0;450000.0;73800.0;IMPORT;376200.0;73800.0;IMPORT;OK;PROJ_001;BAT_01;N1;B101;SDB_PARENTALE;LOT_CVC;CVC_UI;OBJ_00084;CVC-UI-001;IfcUnitaryEquipment;IFC_00084;320000.0;320000.0;IMPORT;SP2I Procurement;NON_COMMENCE;DQE_VALIDATED;LOW;2026-10-01;BIM_READY;
LOT_ELEC|OBJ_00085;OBJ_00085;LOT_ELEC|BAT_01|N1|SPOT LED ENCASTRÉ;LOT_ELEC;default;BAT_01;N1;Spot LED encastré;8.0;u;15000.0;120000.0;120000.0;12540.0;100320.0;120000.0;19680.0;IMPORT;100320.0;19680.0;IMPORT;OK;PROJ_001;BAT_01;N1;B101;SDB_2;LOT_ELEC;ELEC_EN;OBJ_00085;ELEC-EN-001;IfcLightFixture;IFC_00085;12000.0;96000.0;IMPORT;SP2I Procurement;NON_COMMENCE;DQE_VALIDATED;LOW;2026-10-01;BIM_READY;
LOT_ELEC|OBJ_00086;OBJ_00086;LOT_ELEC|BAT_01|N1|PRISE 2P+T;LOT_ELEC;default;BAT_01;N1;Prise 2P+T;6.0;u;12000.0;72000.0;72000.0;10032.0;60192.0;72000.0;11808.0;IMPORT;60192.0;11808.0;IMPORT;OK;PROJ_001;BAT_01;N1;B101;SDB_2;LOT_ELEC;ELEC_PC;OBJ_00086;ELEC-PC-001;IfcOutlet;IFC_00086;9000.0;54000.0;IMPORT;SP2I Procurement;NON_COMMENCE;DQE_VALIDATED;LOW;2026-10-01;BIM_READY;
LOT_CAR|OBJ_00087;OBJ_00087;LOT_CAR|BAT_01|N1|CARRELAGE 120X120;LOT_CAR;default;BAT_01;N1;Carrelage 120x120;4.2;m²;28000.0;117600.0;117600.0;23408.0;98313.6;117600.0;19286.4;IMPORT;98313.6;19286.4;IMPORT;OK;PROJ_001;BAT_01;N1;B101;SDB_2;LOT_CAR;CAR_SOL;OBJ_00087;CAR-120-001;IfcCovering;IFC_00087;19000.0;79800.0;IMPORT;SP2I Procurement;NON_COMMENCE;DQE_VALIDATED;LOW;2026-10-01;BIM_READY;
LOT_FP|OBJ_00088;OBJ_00088;LOT_FP|BAT_01|N1|FAUX PLAFOND BA13;LOT_FP;default;BAT_01;N1;Faux plafond BA13;4.2;m²;18000.0;75600.0;75600.0;15048.0;63201.6;75600.0;12398.4;IMPORT;63201.6;12398.4;IMPORT;OK;PROJ_001;BAT_01;N1;B101;SDB_2;LOT_FP;FP_BA13;OBJ_00088;FP-001;IfcCovering;IFC_00088;14000.0;58800.0;IMPORT;SP2I Procurement;NON_COMMENCE;DQE_VALIDATED;LOW;2026-10-01;BIM_READY;
LOT_PNT|OBJ_00089;OBJ_00089;LOT_PNT|BAT_01|N1|PEINTURE SATINÉE MURS;LOT_PNT;peinture;BAT_01;N1;Peinture satinée murs;4.2;m²;6500.0;27300.0;27300.0;5434.0;22822.8;27300.0;4477.2;IMPORT;22822.8;4477.2;IMPORT;OK;PROJ_001;BAT_01;N1;B101;SDB_2;LOT_PNT;PNT_MUR;OBJ_00089;PNT-001;IfcCovering;IFC_00089;5000.0;21000.0;IMPORT;SP2I Procurement;NON_COMMENCE;DQE_VALIDATED;LOW;2026-10-01;BIM_READY;
LOT_CVC|OBJ_00090;OBJ_00090;LOT_CVC|BAT_01|N1|SPLIT MURAL;LOT_CVC;default;BAT_01;N1;Split mural;1.0;u;450000.0;450000.0;450000.0;376200.0;376200.0;450000.0;73800.0;IMPORT;376200.0;73800.0;IMPORT;OK;PROJ_001;BAT_01;N1;B101;SDB_2;LOT_CVC;CVC_UI;OBJ_00090;CVC-UI-001;IfcUnitaryEquipment;IFC_00090;320000.0;320000.0;IMPORT;SP2I Procurement;NON_COMMENCE;DQE_VALIDATED;LOW;2026-10-01;BIM_READY;
LOT_ELEC|OBJ_00091;OBJ_00091;LOT_ELEC|BAT_01|N1|SPOT LED ENCASTRÉ;LOT_ELEC;default;BAT_01;N1;Spot LED encastré;8.0;u;15000.0;120000.0;120000.0;12540.0;100320.0;120000.0;19680.0;IMPORT;100320.0;19680.0;IMPORT;OK;PROJ_001;BAT_01;N1;B101;BALCON;LOT_ELEC;ELEC_EN;OBJ_00091;ELEC-EN-001;IfcLightFixture;IFC_00091;12000.0;96000.0;IMPORT;SP2I Procurement;NON_COMMENCE;DQE_VALIDATED;LOW;2026-10-01;BIM_READY;
LOT_ELEC|OBJ_00092;OBJ_00092;LOT_ELEC|BAT_01|N1|PRISE 2P+T;LOT_ELEC;default;BAT_01;N1;Prise 2P+T;6.0;u;12000.0;72000.0;72000.0;10032.0;60192.0;72000.0;11808.0;IMPORT;60192.0;11808.0;IMPORT;OK;PROJ_001;BAT_01;N1;B101;BALCON;LOT_ELEC;ELEC_PC;OBJ_00092;ELEC-PC-001;IfcOutlet;IFC_00092;9000.0;54000.0;IMPORT;SP2I Procurement;NON_COMMENCE;DQE_VALIDATED;LOW;2026-10-01;BIM_READY;
LOT_CAR|OBJ_00093;OBJ_00093;LOT_CAR|BAT_01|N1|CARRELAGE 120X120;LOT_CAR;default;BAT_01;N1;Carrelage 120x120;22.0;m²;28000.0;616000.0;616000.0;23408.0;514976.0;616000.0;101024.0;IMPORT;514976.0;101024.0;IMPORT;OK;PROJ_001;BAT_01;N1;B101;BALCON;LOT_CAR;CAR_SOL;OBJ_00093;CAR-120-001;IfcCovering;IFC_00093;19000.0;418000.0;IMPORT;SP2I Procurement;NON_COMMENCE;DQE_VALIDATED;LOW;2026-10-01;BIM_READY;
LOT_FP|OBJ_00094;OBJ_00094;LOT_FP|BAT_01|N1|FAUX PLAFOND BA13;LOT_FP;default;BAT_01;N1;Faux plafond BA13;22.0;m²;18000.0;396000.0;396000.0;15048.0;331056.0;396000.0;64944.0;IMPORT;331056.0;64944.0;IMPORT;OK;PROJ_001;BAT_01;N1;B101;BALCON;LOT_FP;FP_BA13;OBJ_00094;FP-001;IfcCovering;IFC_00094;14000.0;308000.0;IMPORT;SP2I Procurement;NON_COMMENCE;DQE_VALIDATED;LOW;2026-10-01;BIM_READY;
LOT_PNT|OBJ_00095;OBJ_00095;LOT_PNT|BAT_01|N1|PEINTURE SATINÉE MURS;LOT_PNT;peinture;BAT_01;N1;Peinture satinée murs;22.0;m²;6500.0;143000.0;143000.0;5434.0;119548.0;143000.0;23452.0;IMPORT;119548.0;23452.0;IMPORT;OK;PROJ_001;BAT_01;N1;B101;BALCON;LOT_PNT;PNT_MUR;OBJ_00095;PNT-001;IfcCovering;IFC_00095;5000.0;110000.0;IMPORT;SP2I Procurement;NON_COMMENCE;DQE_VALIDATED;LOW;2026-10-01;BIM_READY;
LOT_CVC|OBJ_00096;OBJ_00096;LOT_CVC|BAT_01|N1|SPLIT MURAL;LOT_CVC;default;BAT_01;N1;Split mural;1.0;u;450000.0;450000.0;450000.0;376200.0;376200.0;450000.0;73800.0;IMPORT;376200.0;73800.0;IMPORT;OK;PROJ_001;BAT_01;N1;B101;BALCON;LOT_CVC;CVC_UI;OBJ_00096;CVC-UI-001;IfcUnitaryEquipment;IFC_00096;320000.0;320000.0;IMPORT;SP2I Procurement;NON_COMMENCE;DQE_VALIDATED;LOW;2026-10-01;BIM_READY;
LOT_ELEC|OBJ_00097;OBJ_00097;LOT_ELEC|BAT_01|N2|SPOT LED ENCASTRÉ;LOT_ELEC;default;BAT_01;N2;Spot LED encastré;24.0;u;15000.0;360000.0;360000.0;12540.0;300960.0;360000.0;59040.0;IMPORT;300960.0;59040.0;IMPORT;OK;PROJ_001;BAT_01;N2;A201;SEJOUR;LOT_ELEC;ELEC_EN;OBJ_00097;ELEC-EN-001;IfcLightFixture;IFC_00097;12000.0;288000.0;IMPORT;SP2I Procurement;NON_COMMENCE;DQE_VALIDATED;LOW;2026-10-01;BIM_READY;
LOT_ELEC|OBJ_00098;OBJ_00098;LOT_ELEC|BAT_01|N2|PRISE 2P+T;LOT_ELEC;default;BAT_01;N2;Prise 2P+T;18.0;u;12000.0;216000.0;216000.0;10032.0;180576.0;216000.0;35424.0;IMPORT;180576.0;35424.0;IMPORT;OK;PROJ_001;BAT_01;N2;A201;SEJOUR;LOT_ELEC;ELEC_PC;OBJ_00098;ELEC-PC-001;IfcOutlet;IFC_00098;9000.0;162000.0;IMPORT;SP2I Procurement;NON_COMMENCE;DQE_VALIDATED;LOW;2026-10-01;BIM_READY;
LOT_CAR|OBJ_00099;OBJ_00099;LOT_CAR|BAT_01|N2|CARRELAGE 120X120;LOT_CAR;default;BAT_01;N2;Carrelage 120x120;70.0;m²;28000.0;1960000.0;1960000.0;23408.0;1638560.0;1960000.0;321440.0;IMPORT;1638560.0;321440.0;IMPORT;OK;PROJ_001;BAT_01;N2;A201;SEJOUR;LOT_CAR;CAR_SOL;OBJ_00099;CAR-120-001;IfcCovering;IFC_00099;19000.0;1330000.0;IMPORT;SP2I Procurement;NON_COMMENCE;DQE_VALIDATED;LOW;2026-10-01;BIM_READY;
LOT_FP|OBJ_00100;OBJ_00100;LOT_FP|BAT_01|N2|FAUX PLAFOND BA13;LOT_FP;default;BAT_01;N2;Faux plafond BA13;70.0;m²;18000.0;1260000.0;1260000.0;15048.0;1053360.0;1260000.0;206640.0;IMPORT;1053360.0;206640.0;IMPORT;OK;PROJ_001;BAT_01;N2;A201;SEJOUR;LOT_FP;FP_BA13;OBJ_00100;FP-001;IfcCovering;IFC_00100;14000.0;980000.0;IMPORT;SP2I Procurement;NON_COMMENCE;DQE_VALIDATED;LOW;2026-10-01;BIM_READY;
LOT_PNT|OBJ_00101;OBJ_00101;LOT_PNT|BAT_01|N2|PEINTURE SATINÉE MURS;LOT_PNT;peinture;BAT_01;N2;Peinture satinée murs;70.0;m²;6500.0;455000.0;455000.0;5434.0;380380.0;455000.0;74620.0;IMPORT;380380.0;74620.0;IMPORT;OK;PROJ_001;BAT_01;N2;A201;SEJOUR;LOT_PNT;PNT_MUR;OBJ_00101;PNT-001;IfcCovering;IFC_00101;5000.0;350000.0;IMPORT;SP2I Procurement;NON_COMMENCE;DQE_VALIDATED;LOW;2026-10-01;BIM_READY;
LOT_CVC|OBJ_00102;OBJ_00102;LOT_CVC|BAT_01|N2|SPLIT MURAL;LOT_CVC;default;BAT_01;N2;Split mural;1.0;u;450000.0;450000.0;450000.0;376200.0;376200.0;450000.0;73800.0;IMPORT;376200.0;73800.0;IMPORT;OK;PROJ_001;BAT_01;N2;A201;SEJOUR;LOT_CVC;CVC_UI;OBJ_00102;CVC-UI-001;IfcUnitaryEquipment;IFC_00102;320000.0;320000.0;IMPORT;SP2I Procurement;NON_COMMENCE;DQE_VALIDATED;LOW;2026-10-01;BIM_READY;
LOT_ELEC|OBJ_00103;OBJ_00103;LOT_ELEC|BAT_01|N2|SPOT LED ENCASTRÉ;LOT_ELEC;default;BAT_01;N2;Spot LED encastré;8.0;u;15000.0;120000.0;120000.0;12540.0;100320.0;120000.0;19680.0;IMPORT;100320.0;19680.0;IMPORT;OK;PROJ_001;BAT_01;N2;A201;CUISINE;LOT_ELEC;ELEC_EN;OBJ_00103;ELEC-EN-001;IfcLightFixture;IFC_00103;12000.0;96000.0;IMPORT;SP2I Procurement;NON_COMMENCE;DQE_VALIDATED;LOW;2026-10-01;BIM_READY;
LOT_ELEC|OBJ_00104;OBJ_00104;LOT_ELEC|BAT_01|N2|PRISE 2P+T;LOT_ELEC;default;BAT_01;N2;Prise 2P+T;6.0;u;12000.0;72000.0;72000.0;10032.0;60192.0;72000.0;11808.0;IMPORT;60192.0;11808.0;IMPORT;OK;PROJ_001;BAT_01;N2;A201;CUISINE;LOT_ELEC;ELEC_PC;OBJ_00104;ELEC-PC-001;IfcOutlet;IFC_00104;9000.0;54000.0;IMPORT;SP2I Procurement;NON_COMMENCE;DQE_VALIDATED;LOW;2026-10-01;BIM_READY;
LOT_CAR|OBJ_00105;OBJ_00105;LOT_CAR|BAT_01|N2|CARRELAGE 120X120;LOT_CAR;default;BAT_01;N2;Carrelage 120x120;18.0;m²;28000.0;504000.0;504000.0;23408.0;421344.0;504000.0;82656.0;IMPORT;421344.0;82656.0;IMPORT;OK;PROJ_001;BAT_01;N2;A201;CUISINE;LOT_CAR;CAR_SOL;OBJ_00105;CAR-120-001;IfcCovering;IFC_00105;19000.0;342000.0;IMPORT;SP2I Procurement;NON_COMMENCE;DQE_VALIDATED;LOW;2026-10-01;BIM_READY;
LOT_FP|OBJ_00106;OBJ_00106;LOT_FP|BAT_01|N2|FAUX PLAFOND BA13;LOT_FP;default;BAT_01;N2;Faux plafond BA13;18.0;m²;18000.0;324000.0;324000.0;15048.0;270864.0;324000.0;53136.0;IMPORT;270864.0;53136.0;IMPORT;OK;PROJ_001;BAT_01;N2;A201;CUISINE;LOT_FP;FP_BA13;OBJ_00106;FP-001;IfcCovering;IFC_00106;14000.0;252000.0;IMPORT;SP2I Procurement;NON_COMMENCE;DQE_VALIDATED;LOW;2026-10-01;BIM_READY;
LOT_PNT|OBJ_00107;OBJ_00107;LOT_PNT|BAT_01|N2|PEINTURE SATINÉE MURS;LOT_PNT;peinture;BAT_01;N2;Peinture satinée murs;18.0;m²;6500.0;117000.0;117000.0;5434.0;97812.0;117000.0;19188.0;IMPORT;97812.0;19188.0;IMPORT;OK;PROJ_001;BAT_01;N2;A201;CUISINE;LOT_PNT;PNT_MUR;OBJ_00107;PNT-001;IfcCovering;IFC_00107;5000.0;90000.0;IMPORT;SP2I Procurement;NON_COMMENCE;DQE_VALIDATED;LOW;2026-10-01;BIM_READY;
LOT_CVC|OBJ_00108;OBJ_00108;LOT_CVC|BAT_01|N2|SPLIT MURAL;LOT_CVC;default;BAT_01;N2;Split mural;1.0;u;450000.0;450000.0;450000.0;376200.0;376200.0;450000.0;73800.0;IMPORT;376200.0;73800.0;IMPORT;OK;PROJ_001;BAT_01;N2;A201;CUISINE;LOT_CVC;CVC_UI;OBJ_00108;CVC-UI-001;IfcUnitaryEquipment;IFC_00108;320000.0;320000.0;IMPORT;SP2I Procurement;NON_COMMENCE;DQE_VALIDATED;LOW;2026-10-01;BIM_READY;
LOT_ELEC|OBJ_00109;OBJ_00109;LOT_ELEC|BAT_01|N2|SPOT LED ENCASTRÉ;LOT_ELEC;default;BAT_01;N2;Spot LED encastré;8.0;u;15000.0;120000.0;120000.0;12540.0;100320.0;120000.0;19680.0;IMPORT;100320.0;19680.0;IMPORT;OK;PROJ_001;BAT_01;N2;A201;CHAMBRE_1;LOT_ELEC;ELEC_EN;OBJ_00109;ELEC-EN-001;IfcLightFixture;IFC_00109;12000.0;96000.0;IMPORT;SP2I Procurement;NON_COMMENCE;DQE_VALIDATED;LOW;2026-10-01;BIM_READY;
LOT_ELEC|OBJ_00110;OBJ_00110;LOT_ELEC|BAT_01|N2|PRISE 2P+T;LOT_ELEC;default;BAT_01;N2;Prise 2P+T;6.0;u;12000.0;72000.0;72000.0;10032.0;60192.0;72000.0;11808.0;IMPORT;60192.0;11808.0;IMPORT;OK;PROJ_001;BAT_01;N2;A201;CHAMBRE_1;LOT_ELEC;ELEC_PC;OBJ_00110;ELEC-PC-001;IfcOutlet;IFC_00110;9000.0;54000.0;IMPORT;SP2I Procurement;NON_COMMENCE;DQE_VALIDATED;LOW;2026-10-01;BIM_READY;
LOT_CAR|OBJ_00111;OBJ_00111;LOT_CAR|BAT_01|N2|CARRELAGE 120X120;LOT_CAR;default;BAT_01;N2;Carrelage 120x120;27.0;m²;28000.0;756000.0;756000.0;23408.0;632016.0;756000.0;123984.0;IMPORT;632016.0;123984.0;IMPORT;OK;PROJ_001;BAT_01;N2;A201;CHAMBRE_1;LOT_CAR;CAR_SOL;OBJ_00111;CAR-120-001;IfcCovering;IFC_00111;19000.0;513000.0;IMPORT;SP2I Procurement;NON_COMMENCE;DQE_VALIDATED;LOW;2026-10-01;BIM_READY;
LOT_FP|OBJ_00112;OBJ_00112;LOT_FP|BAT_01|N2|FAUX PLAFOND BA13;LOT_FP;default;BAT_01;N2;Faux plafond BA13;27.0;m²;18000.0;486000.0;486000.0;15048.0;406296.0;486000.0;79704.0;IMPORT;406296.0;79704.0;IMPORT;OK;PROJ_001;BAT_01;N2;A201;CHAMBRE_1;LOT_FP;FP_BA13;OBJ_00112;FP-001;IfcCovering;IFC_00112;14000.0;378000.0;IMPORT;SP2I Procurement;NON_COMMENCE;DQE_VALIDATED;LOW;2026-10-01;BIM_READY;
LOT_PNT|OBJ_00113;OBJ_00113;LOT_PNT|BAT_01|N2|PEINTURE SATINÉE MURS;LOT_PNT;peinture;BAT_01;N2;Peinture satinée murs;27.0;m²;6500.0;175500.0;175500.0;5434.0;146718.0;175500.0;28782.0;IMPORT;146718.0;28782.0;IMPORT;OK;PROJ_001;BAT_01;N2;A201;CHAMBRE_1;LOT_PNT;PNT_MUR;OBJ_00113;PNT-001;IfcCovering;IFC_00113;5000.0;135000.0;IMPORT;SP2I Procurement;NON_COMMENCE;DQE_VALIDATED;LOW;2026-10-01;BIM_READY;
LOT_CVC|OBJ_00114;OBJ_00114;LOT_CVC|BAT_01|N2|SPLIT MURAL;LOT_CVC;default;BAT_01;N2;Split mural;1.0;u;450000.0;450000.0;450000.0;376200.0;376200.0;450000.0;73800.0;IMPORT;376200.0;73800.0;IMPORT;OK;PROJ_001;BAT_01;N2;A201;CHAMBRE_1;LOT_CVC;CVC_UI;OBJ_00114;CVC-UI-001;IfcUnitaryEquipment;IFC_00114;320000.0;320000.0;IMPORT;SP2I Procurement;NON_COMMENCE;DQE_VALIDATED;LOW;2026-10-01;BIM_READY;
LOT_ELEC|OBJ_00115;OBJ_00115;LOT_ELEC|BAT_01|N2|SPOT LED ENCASTRÉ;LOT_ELEC;default;BAT_01;N2;Spot LED encastré;8.0;u;15000.0;120000.0;120000.0;12540.0;100320.0;120000.0;19680.0;IMPORT;100320.0;19680.0;IMPORT;OK;PROJ_001;BAT_01;N2;A201;CHAMBRE_2;LOT_ELEC;ELEC_EN;OBJ_00115;ELEC-EN-001;IfcLightFixture;IFC_00115;12000.0;96000.0;IMPORT;SP2I Procurement;NON_COMMENCE;DQE_VALIDATED;LOW;2026-10-01;BIM_READY;
LOT_ELEC|OBJ_00116;OBJ_00116;LOT_ELEC|BAT_01|N2|PRISE 2P+T;LOT_ELEC;default;BAT_01;N2;Prise 2P+T;6.0;u;12000.0;72000.0;72000.0;10032.0;60192.0;72000.0;11808.0;IMPORT;60192.0;11808.0;IMPORT;OK;PROJ_001;BAT_01;N2;A201;CHAMBRE_2;LOT_ELEC;ELEC_PC;OBJ_00116;ELEC-PC-001;IfcOutlet;IFC_00116;9000.0;54000.0;IMPORT;SP2I Procurement;NON_COMMENCE;DQE_VALIDATED;LOW;2026-10-01;BIM_READY;
LOT_CAR|OBJ_00117;OBJ_00117;LOT_CAR|BAT_01|N2|CARRELAGE 120X120;LOT_CAR;default;BAT_01;N2;Carrelage 120x120;16.0;m²;28000.0;448000.0;448000.0;23408.0;374528.0;448000.0;73472.0;IMPORT;374528.0;73472.0;IMPORT;OK;PROJ_001;BAT_01;N2;A201;CHAMBRE_2;LOT_CAR;CAR_SOL;OBJ_00117;CAR-120-001;IfcCovering;IFC_00117;19000.0;304000.0;IMPORT;SP2I Procurement;NON_COMMENCE;DQE_VALIDATED;LOW;2026-10-01;BIM_READY;
LOT_FP|OBJ_00118;OBJ_00118;LOT_FP|BAT_01|N2|FAUX PLAFOND BA13;LOT_FP;default;BAT_01;N2;Faux plafond BA13;16.0;m²;18000.0;288000.0;288000.0;15048.0;240768.0;288000.0;47232.0;IMPORT;240768.0;47232.0;IMPORT;OK;PROJ_001;BAT_01;N2;A201;CHAMBRE_2;LOT_FP;FP_BA13;OBJ_00118;FP-001;IfcCovering;IFC_00118;14000.0;224000.0;IMPORT;SP2I Procurement;NON_COMMENCE;DQE_VALIDATED;LOW;2026-10-01;BIM_READY;
LOT_PNT|OBJ_00119;OBJ_00119;LOT_PNT|BAT_01|N2|PEINTURE SATINÉE MURS;LOT_PNT;peinture;BAT_01;N2;Peinture satinée murs;16.0;m²;6500.0;104000.0;104000.0;5434.0;86944.0;104000.0;17056.0;IMPORT;86944.0;17056.0;IMPORT;OK;PROJ_001;BAT_01;N2;A201;CHAMBRE_2;LOT_PNT;PNT_MUR;OBJ_00119;PNT-001;IfcCovering;IFC_00119;5000.0;80000.0;IMPORT;SP2I Procurement;NON_COMMENCE;DQE_VALIDATED;LOW;2026-10-01;BIM_READY;
LOT_CVC|OBJ_00120;OBJ_00120;LOT_CVC|BAT_01|N2|SPLIT MURAL;LOT_CVC;default;BAT_01;N2;Split mural;1.0;u;450000.0;450000.0;450000.0;376200.0;376200.0;450000.0;73800.0;IMPORT;376200.0;73800.0;IMPORT;OK;PROJ_001;BAT_01;N2;A201;CHAMBRE_2;LOT_CVC;CVC_UI;OBJ_00120;CVC-UI-001;IfcUnitaryEquipment;IFC_00120;320000.0;320000.0;IMPORT;SP2I Procurement;NON_COMMENCE;DQE_VALIDATED;LOW;2026-10-01;BIM_READY;
LOT_ELEC|OBJ_00121;OBJ_00121;LOT_ELEC|BAT_01|N2|SPOT LED ENCASTRÉ;LOT_ELEC;default;BAT_01;N2;Spot LED encastré;8.0;u;15000.0;120000.0;120000.0;12540.0;100320.0;120000.0;19680.0;IMPORT;100320.0;19680.0;IMPORT;OK;PROJ_001;BAT_01;N2;A201;CHAMBRE_3;LOT_ELEC;ELEC_EN;OBJ_00121;ELEC-EN-001;IfcLightFixture;IFC_00121;12000.0;96000.0;IMPORT;SP2I Procurement;NON_COMMENCE;DQE_VALIDATED;LOW;2026-10-01;BIM_READY;
LOT_ELEC|OBJ_00122;OBJ_00122;LOT_ELEC|BAT_01|N2|PRISE 2P+T;LOT_ELEC;default;BAT_01;N2;Prise 2P+T;6.0;u;12000.0;72000.0;72000.0;10032.0;60192.0;72000.0;11808.0;IMPORT;60192.0;11808.0;IMPORT;OK;PROJ_001;BAT_01;N2;A201;CHAMBRE_3;LOT_ELEC;ELEC_PC;OBJ_00122;ELEC-PC-001;IfcOutlet;IFC_00122;9000.0;54000.0;IMPORT;SP2I Procurement;NON_COMMENCE;DQE_VALIDATED;LOW;2026-10-01;BIM_READY;
LOT_CAR|OBJ_00123;OBJ_00123;LOT_CAR|BAT_01|N2|CARRELAGE 120X120;LOT_CAR;default;BAT_01;N2;Carrelage 120x120;18.0;m²;28000.0;504000.0;504000.0;23408.0;421344.0;504000.0;82656.0;IMPORT;421344.0;82656.0;IMPORT;OK;PROJ_001;BAT_01;N2;A201;CHAMBRE_3;LOT_CAR;CAR_SOL;OBJ_00123;CAR-120-001;IfcCovering;IFC_00123;19000.0;342000.0;IMPORT;SP2I Procurement;NON_COMMENCE;DQE_VALIDATED;LOW;2026-10-01;BIM_READY;
LOT_FP|OBJ_00124;OBJ_00124;LOT_FP|BAT_01|N2|FAUX PLAFOND BA13;LOT_FP;default;BAT_01;N2;Faux plafond BA13;18.0;m²;18000.0;324000.0;324000.0;15048.0;270864.0;324000.0;53136.0;IMPORT;270864.0;53136.0;IMPORT;OK;PROJ_001;BAT_01;N2;A201;CHAMBRE_3;LOT_FP;FP_BA13;OBJ_00124;FP-001;IfcCovering;IFC_00124;14000.0;252000.0;IMPORT;SP2I Procurement;NON_COMMENCE;DQE_VALIDATED;LOW;2026-10-01;BIM_READY;
LOT_PNT|OBJ_00125;OBJ_00125;LOT_PNT|BAT_01|N2|PEINTURE SATINÉE MURS;LOT_PNT;peinture;BAT_01;N2;Peinture satinée murs;18.0;m²;6500.0;117000.0;117000.0;5434.0;97812.0;117000.0;19188.0;IMPORT;97812.0;19188.0;IMPORT;OK;PROJ_001;BAT_01;N2;A201;CHAMBRE_3;LOT_PNT;PNT_MUR;OBJ_00125;PNT-001;IfcCovering;IFC_00125;5000.0;90000.0;IMPORT;SP2I Procurement;NON_COMMENCE;DQE_VALIDATED;LOW;2026-10-01;BIM_READY;
LOT_CVC|OBJ_00126;OBJ_00126;LOT_CVC|BAT_01|N2|SPLIT MURAL;LOT_CVC;default;BAT_01;N2;Split mural;1.0;u;450000.0;450000.0;450000.0;376200.0;376200.0;450000.0;73800.0;IMPORT;376200.0;73800.0;IMPORT;OK;PROJ_001;BAT_01;N2;A201;CHAMBRE_3;LOT_CVC;CVC_UI;OBJ_00126;CVC-UI-001;IfcUnitaryEquipment;IFC_00126;320000.0;320000.0;IMPORT;SP2I Procurement;NON_COMMENCE;DQE_VALIDATED;LOW;2026-10-01;BIM_READY;
LOT_ELEC|OBJ_00127;OBJ_00127;LOT_ELEC|BAT_01|N2|SPOT LED ENCASTRÉ;LOT_ELEC;default;BAT_01;N2;Spot LED encastré;8.0;u;15000.0;120000.0;120000.0;12540.0;100320.0;120000.0;19680.0;IMPORT;100320.0;19680.0;IMPORT;OK;PROJ_001;BAT_01;N2;A201;SDB_PARENTALE;LOT_ELEC;ELEC_EN;OBJ_00127;ELEC-EN-001;IfcLightFixture;IFC_00127;12000.0;96000.0;IMPORT;SP2I Procurement;NON_COMMENCE;DQE_VALIDATED;LOW;2026-10-01;BIM_READY;
LOT_ELEC|OBJ_00128;OBJ_00128;LOT_ELEC|BAT_01|N2|PRISE 2P+T;LOT_ELEC;default;BAT_01;N2;Prise 2P+T;6.0;u;12000.0;72000.0;72000.0;10032.0;60192.0;72000.0;11808.0;IMPORT;60192.0;11808.0;IMPORT;OK;PROJ_001;BAT_01;N2;A201;SDB_PARENTALE;LOT_ELEC;ELEC_PC;OBJ_00128;ELEC-PC-001;IfcOutlet;IFC_00128;9000.0;54000.0;IMPORT;SP2I Procurement;NON_COMMENCE;DQE_VALIDATED;LOW;2026-10-01;BIM_READY;
LOT_CAR|OBJ_00129;OBJ_00129;LOT_CAR|BAT_01|N2|CARRELAGE 120X120;LOT_CAR;default;BAT_01;N2;Carrelage 120x120;8.0;m²;28000.0;224000.0;224000.0;23408.0;187264.0;224000.0;36736.0;IMPORT;187264.0;36736.0;IMPORT;OK;PROJ_001;BAT_01;N2;A201;SDB_PARENTALE;LOT_CAR;CAR_SOL;OBJ_00129;CAR-120-001;IfcCovering;IFC_00129;19000.0;152000.0;IMPORT;SP2I Procurement;NON_COMMENCE;DQE_VALIDATED;LOW;2026-10-01;BIM_READY;
LOT_FP|OBJ_00130;OBJ_00130;LOT_FP|BAT_01|N2|FAUX PLAFOND BA13;LOT_FP;default;BAT_01;N2;Faux plafond BA13;8.0;m²;18000.0;144000.0;144000.0;15048.0;120384.0;144000.0;23616.0;IMPORT;120384.0;23616.0;IMPORT;OK;PROJ_001;BAT_01;N2;A201;SDB_PARENTALE;LOT_FP;FP_BA13;OBJ_00130;FP-001;IfcCovering;IFC_00130;14000.0;112000.0;IMPORT;SP2I Procurement;NON_COMMENCE;DQE_VALIDATED;LOW;2026-10-01;BIM_READY;
LOT_PNT|OBJ_00131;OBJ_00131;LOT_PNT|BAT_01|N2|PEINTURE SATINÉE MURS;LOT_PNT;peinture;BAT_01;N2;Peinture satinée murs;8.0;m²;6500.0;52000.0;52000.0;5434.0;43472.0;52000.0;8528.0;IMPORT;43472.0;8528.0;IMPORT;OK;PROJ_001;BAT_01;N2;A201;SDB_PARENTALE;LOT_PNT;PNT_MUR;OBJ_00131;PNT-001;IfcCovering;IFC_00131;5000.0;40000.0;IMPORT;SP2I Procurement;NON_COMMENCE;DQE_VALIDATED;LOW;2026-10-01;BIM_READY;
LOT_CVC|OBJ_00132;OBJ_00132;LOT_CVC|BAT_01|N2|SPLIT MURAL;LOT_CVC;default;BAT_01;N2;Split mural;1.0;u;450000.0;450000.0;450000.0;376200.0;376200.0;450000.0;73800.0;IMPORT;376200.0;73800.0;IMPORT;OK;PROJ_001;BAT_01;N2;A201;SDB_PARENTALE;LOT_CVC;CVC_UI;OBJ_00132;CVC-UI-001;IfcUnitaryEquipment;IFC_00132;320000.0;320000.0;IMPORT;SP2I Procurement;NON_COMMENCE;DQE_VALIDATED;LOW;2026-10-01;BIM_READY;
LOT_ELEC|OBJ_00133;OBJ_00133;LOT_ELEC|BAT_01|N2|SPOT LED ENCASTRÉ;LOT_ELEC;default;BAT_01;N2;Spot LED encastré;8.0;u;15000.0;120000.0;120000.0;12540.0;100320.0;120000.0;19680.0;IMPORT;100320.0;19680.0;IMPORT;OK;PROJ_001;BAT_01;N2;A201;SDB_2;LOT_ELEC;ELEC_EN;OBJ_00133;ELEC-EN-001;IfcLightFixture;IFC_00133;12000.0;96000.0;IMPORT;SP2I Procurement;NON_COMMENCE;DQE_VALIDATED;LOW;2026-10-01;BIM_READY;
LOT_ELEC|OBJ_00134;OBJ_00134;LOT_ELEC|BAT_01|N2|PRISE 2P+T;LOT_ELEC;default;BAT_01;N2;Prise 2P+T;6.0;u;12000.0;72000.0;72000.0;10032.0;60192.0;72000.0;11808.0;IMPORT;60192.0;11808.0;IMPORT;OK;PROJ_001;BAT_01;N2;A201;SDB_2;LOT_ELEC;ELEC_PC;OBJ_00134;ELEC-PC-001;IfcOutlet;IFC_00134;9000.0;54000.0;IMPORT;SP2I Procurement;NON_COMMENCE;DQE_VALIDATED;LOW;2026-10-01;BIM_READY;
LOT_CAR|OBJ_00135;OBJ_00135;LOT_CAR|BAT_01|N2|CARRELAGE 120X120;LOT_CAR;default;BAT_01;N2;Carrelage 120x120;4.2;m²;28000.0;117600.0;117600.0;23408.0;98313.6;117600.0;19286.4;IMPORT;98313.6;19286.4;IMPORT;OK;PROJ_001;BAT_01;N2;A201;SDB_2;LOT_CAR;CAR_SOL;OBJ_00135;CAR-120-001;IfcCovering;IFC_00135;19000.0;79800.0;IMPORT;SP2I Procurement;NON_COMMENCE;DQE_VALIDATED;LOW;2026-10-01;BIM_READY;
LOT_FP|OBJ_00136;OBJ_00136;LOT_FP|BAT_01|N2|FAUX PLAFOND BA13;LOT_FP;default;BAT_01;N2;Faux plafond BA13;4.2;m²;18000.0;75600.0;75600.0;15048.0;63201.6;75600.0;12398.4;IMPORT;63201.6;12398.4;IMPORT;OK;PROJ_001;BAT_01;N2;A201;SDB_2;LOT_FP;FP_BA13;OBJ_00136;FP-001;IfcCovering;IFC_00136;14000.0;58800.0;IMPORT;SP2I Procurement;NON_COMMENCE;DQE_VALIDATED;LOW;2026-10-01;BIM_READY;
LOT_PNT|OBJ_00137;OBJ_00137;LOT_PNT|BAT_01|N2|PEINTURE SATINÉE MURS;LOT_PNT;peinture;BAT_01;N2;Peinture satinée murs;4.2;m²;6500.0;27300.0;27300.0;5434.0;22822.8;27300.0;4477.2;IMPORT;22822.8;4477.2;IMPORT;OK;PROJ_001;BAT_01;N2;A201;SDB_2;LOT_PNT;PNT_MUR;OBJ_00137;PNT-001;IfcCovering;IFC_00137;5000.0;21000.0;IMPORT;SP2I Procurement;NON_COMMENCE;DQE_VALIDATED;LOW;2026-10-01;BIM_READY;
LOT_CVC|OBJ_00138;OBJ_00138;LOT_CVC|BAT_01|N2|SPLIT MURAL;LOT_CVC;default;BAT_01;N2;Split mural;1.0;u;450000.0;450000.0;450000.0;376200.0;376200.0;450000.0;73800.0;IMPORT;376200.0;73800.0;IMPORT;OK;PROJ_001;BAT_01;N2;A201;SDB_2;LOT_CVC;CVC_UI;OBJ_00138;CVC-UI-001;IfcUnitaryEquipment;IFC_00138;320000.0;320000.0;IMPORT;SP2I Procurement;NON_COMMENCE;DQE_VALIDATED;LOW;2026-10-01;BIM_READY;
LOT_ELEC|OBJ_00139;OBJ_00139;LOT_ELEC|BAT_01|N2|SPOT LED ENCASTRÉ;LOT_ELEC;default;BAT_01;N2;Spot LED encastré;8.0;u;15000.0;120000.0;120000.0;12540.0;100320.0;120000.0;19680.0;IMPORT;100320.0;19680.0;IMPORT;OK;PROJ_001;BAT_01;N2;A201;BALCON;LOT_ELEC;ELEC_EN;OBJ_00139;ELEC-EN-001;IfcLightFixture;IFC_00139;12000.0;96000.0;IMPORT;SP2I Procurement;NON_COMMENCE;DQE_VALIDATED;LOW;2026-10-01;BIM_READY;
LOT_ELEC|OBJ_00140;OBJ_00140;LOT_ELEC|BAT_01|N2|PRISE 2P+T;LOT_ELEC;default;BAT_01;N2;Prise 2P+T;6.0;u;12000.0;72000.0;72000.0;10032.0;60192.0;72000.0;11808.0;IMPORT;60192.0;11808.0;IMPORT;OK;PROJ_001;BAT_01;N2;A201;BALCON;LOT_ELEC;ELEC_PC;OBJ_00140;ELEC-PC-001;IfcOutlet;IFC_00140;9000.0;54000.0;IMPORT;SP2I Procurement;NON_COMMENCE;DQE_VALIDATED;LOW;2026-10-01;BIM_READY;
LOT_CAR|OBJ_00141;OBJ_00141;LOT_CAR|BAT_01|N2|CARRELAGE 120X120;LOT_CAR;default;BAT_01;N2;Carrelage 120x120;22.0;m²;28000.0;616000.0;616000.0;23408.0;514976.0;616000.0;101024.0;IMPORT;514976.0;101024.0;IMPORT;OK;PROJ_001;BAT_01;N2;A201;BALCON;LOT_CAR;CAR_SOL;OBJ_00141;CAR-120-001;IfcCovering;IFC_00141;19000.0;418000.0;IMPORT;SP2I Procurement;NON_COMMENCE;DQE_VALIDATED;LOW;2026-10-01;BIM_READY;
LOT_FP|OBJ_00142;OBJ_00142;LOT_FP|BAT_01|N2|FAUX PLAFOND BA13;LOT_FP;default;BAT_01;N2;Faux plafond BA13;22.0;m²;18000.0;396000.0;396000.0;15048.0;331056.0;396000.0;64944.0;IMPORT;331056.0;64944.0;IMPORT;OK;PROJ_001;BAT_01;N2;A201;BALCON;LOT_FP;FP_BA13;OBJ_00142;FP-001;IfcCovering;IFC_00142;14000.0;308000.0;IMPORT;SP2I Procurement;NON_COMMENCE;DQE_VALIDATED;LOW;2026-10-01;BIM_READY;
LOT_PNT|OBJ_00143;OBJ_00143;LOT_PNT|BAT_01|N2|PEINTURE SATINÉE MURS;LOT_PNT;peinture;BAT_01;N2;Peinture satinée murs;22.0;m²;6500.0;143000.0;143000.0;5434.0;119548.0;143000.0;23452.0;IMPORT;119548.0;23452.0;IMPORT;OK;PROJ_001;BAT_01;N2;A201;BALCON;LOT_PNT;PNT_MUR;OBJ_00143;PNT-001;IfcCovering;IFC_00143;5000.0;110000.0;IMPORT;SP2I Procurement;NON_COMMENCE;DQE_VALIDATED;LOW;2026-10-01;BIM_READY;
LOT_CVC|OBJ_00144;OBJ_00144;LOT_CVC|BAT_01|N2|SPLIT MURAL;LOT_CVC;default;BAT_01;N2;Split mural;1.0;u;450000.0;450000.0;450000.0;376200.0;376200.0;450000.0;73800.0;IMPORT;376200.0;73800.0;IMPORT;OK;PROJ_001;BAT_01;N2;A201;BALCON;LOT_CVC;CVC_UI;OBJ_00144;CVC-UI-001;IfcUnitaryEquipment;IFC_00144;320000.0;320000.0;IMPORT;SP2I Procurement;NON_COMMENCE;DQE_VALIDATED;LOW;2026-10-01;BIM_READY;
LOT_ELEC|OBJ_00145;OBJ_00145;LOT_ELEC|BAT_01|N2|SPOT LED ENCASTRÉ;LOT_ELEC;default;BAT_01;N2;Spot LED encastré;24.0;u;15000.0;360000.0;360000.0;12540.0;300960.0;360000.0;59040.0;IMPORT;300960.0;59040.0;IMPORT;OK;PROJ_001;BAT_01;N2;B201;SEJOUR;LOT_ELEC;ELEC_EN;OBJ_00145;ELEC-EN-001;IfcLightFixture;IFC_00145;12000.0;288000.0;IMPORT;SP2I Procurement;NON_COMMENCE;DQE_VALIDATED;LOW;2026-10-01;BIM_READY;
LOT_ELEC|OBJ_00146;OBJ_00146;LOT_ELEC|BAT_01|N2|PRISE 2P+T;LOT_ELEC;default;BAT_01;N2;Prise 2P+T;18.0;u;12000.0;216000.0;216000.0;10032.0;180576.0;216000.0;35424.0;IMPORT;180576.0;35424.0;IMPORT;OK;PROJ_001;BAT_01;N2;B201;SEJOUR;LOT_ELEC;ELEC_PC;OBJ_00146;ELEC-PC-001;IfcOutlet;IFC_00146;9000.0;162000.0;IMPORT;SP2I Procurement;NON_COMMENCE;DQE_VALIDATED;LOW;2026-10-01;BIM_READY;
LOT_CAR|OBJ_00147;OBJ_00147;LOT_CAR|BAT_01|N2|CARRELAGE 120X120;LOT_CAR;default;BAT_01;N2;Carrelage 120x120;70.0;m²;28000.0;1960000.0;1960000.0;23408.0;1638560.0;1960000.0;321440.0;IMPORT;1638560.0;321440.0;IMPORT;OK;PROJ_001;BAT_01;N2;B201;SEJOUR;LOT_CAR;CAR_SOL;OBJ_00147;CAR-120-001;IfcCovering;IFC_00147;19000.0;1330000.0;IMPORT;SP2I Procurement;NON_COMMENCE;DQE_VALIDATED;LOW;2026-10-01;BIM_READY;
LOT_FP|OBJ_00148;OBJ_00148;LOT_FP|BAT_01|N2|FAUX PLAFOND BA13;LOT_FP;default;BAT_01;N2;Faux plafond BA13;70.0;m²;18000.0;1260000.0;1260000.0;15048.0;1053360.0;1260000.0;206640.0;IMPORT;1053360.0;206640.0;IMPORT;OK;PROJ_001;BAT_01;N2;B201;SEJOUR;LOT_FP;FP_BA13;OBJ_00148;FP-001;IfcCovering;IFC_00148;14000.0;980000.0;IMPORT;SP2I Procurement;NON_COMMENCE;DQE_VALIDATED;LOW;2026-10-01;BIM_READY;
LOT_PNT|OBJ_00149;OBJ_00149;LOT_PNT|BAT_01|N2|PEINTURE SATINÉE MURS;LOT_PNT;peinture;BAT_01;N2;Peinture satinée murs;70.0;m²;6500.0;455000.0;455000.0;5434.0;380380.0;455000.0;74620.0;IMPORT;380380.0;74620.0;IMPORT;OK;PROJ_001;BAT_01;N2;B201;SEJOUR;LOT_PNT;PNT_MUR;OBJ_00149;PNT-001;IfcCovering;IFC_00149;5000.0;350000.0;IMPORT;SP2I Procurement;NON_COMMENCE;DQE_VALIDATED;LOW;2026-10-01;BIM_READY;
LOT_CVC|OBJ_00150;OBJ_00150;LOT_CVC|BAT_01|N2|SPLIT MURAL;LOT_CVC;default;BAT_01;N2;Split mural;1.0;u;450000.0;450000.0;450000.0;376200.0;376200.0;450000.0;73800.0;IMPORT;376200.0;73800.0;IMPORT;OK;PROJ_001;BAT_01;N2;B201;SEJOUR;LOT_CVC;CVC_UI;OBJ_00150;CVC-UI-001;IfcUnitaryEquipment;IFC_00150;320000.0;320000.0;IMPORT;SP2I Procurement;NON_COMMENCE;DQE_VALIDATED;LOW;2026-10-01;BIM_READY;
LOT_ELEC|OBJ_00151;OBJ_00151;LOT_ELEC|BAT_01|N2|SPOT LED ENCASTRÉ;LOT_ELEC;default;BAT_01;N2;Spot LED encastré;8.0;u;15000.0;120000.0;120000.0;12540.0;100320.0;120000.0;19680.0;IMPORT;100320.0;19680.0;IMPORT;OK;PROJ_001;BAT_01;N2;B201;CUISINE;LOT_ELEC;ELEC_EN;OBJ_00151;ELEC-EN-001;IfcLightFixture;IFC_00151;12000.0;96000.0;IMPORT;SP2I Procurement;NON_COMMENCE;DQE_VALIDATED;LOW;2026-10-01;BIM_READY;
LOT_ELEC|OBJ_00152;OBJ_00152;LOT_ELEC|BAT_01|N2|PRISE 2P+T;LOT_ELEC;default;BAT_01;N2;Prise 2P+T;6.0;u;12000.0;72000.0;72000.0;10032.0;60192.0;72000.0;11808.0;IMPORT;60192.0;11808.0;IMPORT;OK;PROJ_001;BAT_01;N2;B201;CUISINE;LOT_ELEC;ELEC_PC;OBJ_00152;ELEC-PC-001;IfcOutlet;IFC_00152;9000.0;54000.0;IMPORT;SP2I Procurement;NON_COMMENCE;DQE_VALIDATED;LOW;2026-10-01;BIM_READY;
LOT_CAR|OBJ_00153;OBJ_00153;LOT_CAR|BAT_01|N2|CARRELAGE 120X120;LOT_CAR;default;BAT_01;N2;Carrelage 120x120;18.0;m²;28000.0;504000.0;504000.0;23408.0;421344.0;504000.0;82656.0;IMPORT;421344.0;82656.0;IMPORT;OK;PROJ_001;BAT_01;N2;B201;CUISINE;LOT_CAR;CAR_SOL;OBJ_00153;CAR-120-001;IfcCovering;IFC_00153;19000.0;342000.0;IMPORT;SP2I Procurement;NON_COMMENCE;DQE_VALIDATED;LOW;2026-10-01;BIM_READY;
LOT_FP|OBJ_00154;OBJ_00154;LOT_FP|BAT_01|N2|FAUX PLAFOND BA13;LOT_FP;default;BAT_01;N2;Faux plafond BA13;18.0;m²;18000.0;324000.0;324000.0;15048.0;270864.0;324000.0;53136.0;IMPORT;270864.0;53136.0;IMPORT;OK;PROJ_001;BAT_01;N2;B201;CUISINE;LOT_FP;FP_BA13;OBJ_00154;FP-001;IfcCovering;IFC_00154;14000.0;252000.0;IMPORT;SP2I Procurement;NON_COMMENCE;DQE_VALIDATED;LOW;2026-10-01;BIM_READY;
LOT_PNT|OBJ_00155;OBJ_00155;LOT_PNT|BAT_01|N2|PEINTURE SATINÉE MURS;LOT_PNT;peinture;BAT_01;N2;Peinture satinée murs;18.0;m²;6500.0;117000.0;117000.0;5434.0;97812.0;117000.0;19188.0;IMPORT;97812.0;19188.0;IMPORT;OK;PROJ_001;BAT_01;N2;B201;CUISINE;LOT_PNT;PNT_MUR;OBJ_00155;PNT-001;IfcCovering;IFC_00155;5000.0;90000.0;IMPORT;SP2I Procurement;NON_COMMENCE;DQE_VALIDATED;LOW;2026-10-01;BIM_READY;
LOT_CVC|OBJ_00156;OBJ_00156;LOT_CVC|BAT_01|N2|SPLIT MURAL;LOT_CVC;default;BAT_01;N2;Split mural;1.0;u;450000.0;450000.0;450000.0;376200.0;376200.0;450000.0;73800.0;IMPORT;376200.0;73800.0;IMPORT;OK;PROJ_001;BAT_01;N2;B201;CUISINE;LOT_CVC;CVC_UI;OBJ_00156;CVC-UI-001;IfcUnitaryEquipment;IFC_00156;320000.0;320000.0;IMPORT;SP2I Procurement;NON_COMMENCE;DQE_VALIDATED;LOW;2026-10-01;BIM_READY;
LOT_ELEC|OBJ_00157;OBJ_00157;LOT_ELEC|BAT_01|N2|SPOT LED ENCASTRÉ;LOT_ELEC;default;BAT_01;N2;Spot LED encastré;8.0;u;15000.0;120000.0;120000.0;12540.0;100320.0;120000.0;19680.0;IMPORT;100320.0;19680.0;IMPORT;OK;PROJ_001;BAT_01;N2;B201;CHAMBRE_1;LOT_ELEC;ELEC_EN;OBJ_00157;ELEC-EN-001;IfcLightFixture;IFC_00157;12000.0;96000.0;IMPORT;SP2I Procurement;NON_COMMENCE;DQE_VALIDATED;LOW;2026-10-01;BIM_READY;
LOT_ELEC|OBJ_00158;OBJ_00158;LOT_ELEC|BAT_01|N2|PRISE 2P+T;LOT_ELEC;default;BAT_01;N2;Prise 2P+T;6.0;u;12000.0;72000.0;72000.0;10032.0;60192.0;72000.0;11808.0;IMPORT;60192.0;11808.0;IMPORT;OK;PROJ_001;BAT_01;N2;B201;CHAMBRE_1;LOT_ELEC;ELEC_PC;OBJ_00158;ELEC-PC-001;IfcOutlet;IFC_00158;9000.0;54000.0;IMPORT;SP2I Procurement;NON_COMMENCE;DQE_VALIDATED;LOW;2026-10-01;BIM_READY;
LOT_CAR|OBJ_00159;OBJ_00159;LOT_CAR|BAT_01|N2|CARRELAGE 120X120;LOT_CAR;default;BAT_01;N2;Carrelage 120x120;27.0;m²;28000.0;756000.0;756000.0;23408.0;632016.0;756000.0;123984.0;IMPORT;632016.0;123984.0;IMPORT;OK;PROJ_001;BAT_01;N2;B201;CHAMBRE_1;LOT_CAR;CAR_SOL;OBJ_00159;CAR-120-001;IfcCovering;IFC_00159;19000.0;513000.0;IMPORT;SP2I Procurement;NON_COMMENCE;DQE_VALIDATED;LOW;2026-10-01;BIM_READY;
LOT_FP|OBJ_00160;OBJ_00160;LOT_FP|BAT_01|N2|FAUX PLAFOND BA13;LOT_FP;default;BAT_01;N2;Faux plafond BA13;27.0;m²;18000.0;486000.0;486000.0;15048.0;406296.0;486000.0;79704.0;IMPORT;406296.0;79704.0;IMPORT;OK;PROJ_001;BAT_01;N2;B201;CHAMBRE_1;LOT_FP;FP_BA13;OBJ_00160;FP-001;IfcCovering;IFC_00160;14000.0;378000.0;IMPORT;SP2I Procurement;NON_COMMENCE;DQE_VALIDATED;LOW;2026-10-01;BIM_READY;
LOT_PNT|OBJ_00161;OBJ_00161;LOT_PNT|BAT_01|N2|PEINTURE SATINÉE MURS;LOT_PNT;peinture;BAT_01;N2;Peinture satinée murs;27.0;m²;6500.0;175500.0;175500.0;5434.0;146718.0;175500.0;28782.0;IMPORT;146718.0;28782.0;IMPORT;OK;PROJ_001;BAT_01;N2;B201;CHAMBRE_1;LOT_PNT;PNT_MUR;OBJ_00161;PNT-001;IfcCovering;IFC_00161;5000.0;135000.0;IMPORT;SP2I Procurement;NON_COMMENCE;DQE_VALIDATED;LOW;2026-10-01;BIM_READY;
LOT_CVC|OBJ_00162;OBJ_00162;LOT_CVC|BAT_01|N2|SPLIT MURAL;LOT_CVC;default;BAT_01;N2;Split mural;1.0;u;450000.0;450000.0;450000.0;376200.0;376200.0;450000.0;73800.0;IMPORT;376200.0;73800.0;IMPORT;OK;PROJ_001;BAT_01;N2;B201;CHAMBRE_1;LOT_CVC;CVC_UI;OBJ_00162;CVC-UI-001;IfcUnitaryEquipment;IFC_00162;320000.0;320000.0;IMPORT;SP2I Procurement;NON_COMMENCE;DQE_VALIDATED;LOW;2026-10-01;BIM_READY;
LOT_ELEC|OBJ_00163;OBJ_00163;LOT_ELEC|BAT_01|N2|SPOT LED ENCASTRÉ;LOT_ELEC;default;BAT_01;N2;Spot LED encastré;8.0;u;15000.0;120000.0;120000.0;12540.0;100320.0;120000.0;19680.0;IMPORT;100320.0;19680.0;IMPORT;OK;PROJ_001;BAT_01;N2;B201;CHAMBRE_2;LOT_ELEC;ELEC_EN;OBJ_00163;ELEC-EN-001;IfcLightFixture;IFC_00163;12000.0;96000.0;IMPORT;SP2I Procurement;NON_COMMENCE;DQE_VALIDATED;LOW;2026-10-01;BIM_READY;
LOT_ELEC|OBJ_00164;OBJ_00164;LOT_ELEC|BAT_01|N2|PRISE 2P+T;LOT_ELEC;default;BAT_01;N2;Prise 2P+T;6.0;u;12000.0;72000.0;72000.0;10032.0;60192.0;72000.0;11808.0;IMPORT;60192.0;11808.0;IMPORT;OK;PROJ_001;BAT_01;N2;B201;CHAMBRE_2;LOT_ELEC;ELEC_PC;OBJ_00164;ELEC-PC-001;IfcOutlet;IFC_00164;9000.0;54000.0;IMPORT;SP2I Procurement;NON_COMMENCE;DQE_VALIDATED;LOW;2026-10-01;BIM_READY;
LOT_CAR|OBJ_00165;OBJ_00165;LOT_CAR|BAT_01|N2|CARRELAGE 120X120;LOT_CAR;default;BAT_01;N2;Carrelage 120x120;16.0;m²;28000.0;448000.0;448000.0;23408.0;374528.0;448000.0;73472.0;IMPORT;374528.0;73472.0;IMPORT;OK;PROJ_001;BAT_01;N2;B201;CHAMBRE_2;LOT_CAR;CAR_SOL;OBJ_00165;CAR-120-001;IfcCovering;IFC_00165;19000.0;304000.0;IMPORT;SP2I Procurement;NON_COMMENCE;DQE_VALIDATED;LOW;2026-10-01;BIM_READY;
LOT_FP|OBJ_00166;OBJ_00166;LOT_FP|BAT_01|N2|FAUX PLAFOND BA13;LOT_FP;default;BAT_01;N2;Faux plafond BA13;16.0;m²;18000.0;288000.0;288000.0;15048.0;240768.0;288000.0;47232.0;IMPORT;240768.0;47232.0;IMPORT;OK;PROJ_001;BAT_01;N2;B201;CHAMBRE_2;LOT_FP;FP_BA13;OBJ_00166;FP-001;IfcCovering;IFC_00166;14000.0;224000.0;IMPORT;SP2I Procurement;NON_COMMENCE;DQE_VALIDATED;LOW;2026-10-01;BIM_READY;
LOT_PNT|OBJ_00167;OBJ_00167;LOT_PNT|BAT_01|N2|PEINTURE SATINÉE MURS;LOT_PNT;peinture;BAT_01;N2;Peinture satinée murs;16.0;m²;6500.0;104000.0;104000.0;5434.0;86944.0;104000.0;17056.0;IMPORT;86944.0;17056.0;IMPORT;OK;PROJ_001;BAT_01;N2;B201;CHAMBRE_2;LOT_PNT;PNT_MUR;OBJ_00167;PNT-001;IfcCovering;IFC_00167;5000.0;80000.0;IMPORT;SP2I Procurement;NON_COMMENCE;DQE_VALIDATED;LOW;2026-10-01;BIM_READY;
LOT_CVC|OBJ_00168;OBJ_00168;LOT_CVC|BAT_01|N2|SPLIT MURAL;LOT_CVC;default;BAT_01;N2;Split mural;1.0;u;450000.0;450000.0;450000.0;376200.0;376200.0;450000.0;73800.0;IMPORT;376200.0;73800.0;IMPORT;OK;PROJ_001;BAT_01;N2;B201;CHAMBRE_2;LOT_CVC;CVC_UI;OBJ_00168;CVC-UI-001;IfcUnitaryEquipment;IFC_00168;320000.0;320000.0;IMPORT;SP2I Procurement;NON_COMMENCE;DQE_VALIDATED;LOW;2026-10-01;BIM_READY;
LOT_ELEC|OBJ_00169;OBJ_00169;LOT_ELEC|BAT_01|N2|SPOT LED ENCASTRÉ;LOT_ELEC;default;BAT_01;N2;Spot LED encastré;8.0;u;15000.0;120000.0;120000.0;12540.0;100320.0;120000.0;19680.0;IMPORT;100320.0;19680.0;IMPORT;OK;PROJ_001;BAT_01;N2;B201;CHAMBRE_3;LOT_ELEC;ELEC_EN;OBJ_00169;ELEC-EN-001;IfcLightFixture;IFC_00169;12000.0;96000.0;IMPORT;SP2I Procurement;NON_COMMENCE;DQE_VALIDATED;LOW;2026-10-01;BIM_READY;
LOT_ELEC|OBJ_00170;OBJ_00170;LOT_ELEC|BAT_01|N2|PRISE 2P+T;LOT_ELEC;default;BAT_01;N2;Prise 2P+T;6.0;u;12000.0;72000.0;72000.0;10032.0;60192.0;72000.0;11808.0;IMPORT;60192.0;11808.0;IMPORT;OK;PROJ_001;BAT_01;N2;B201;CHAMBRE_3;LOT_ELEC;ELEC_PC;OBJ_00170;ELEC-PC-001;IfcOutlet;IFC_00170;9000.0;54000.0;IMPORT;SP2I Procurement;NON_COMMENCE;DQE_VALIDATED;LOW;2026-10-01;BIM_READY;
LOT_CAR|OBJ_00171;OBJ_00171;LOT_CAR|BAT_01|N2|CARRELAGE 120X120;LOT_CAR;default;BAT_01;N2;Carrelage 120x120;18.0;m²;28000.0;504000.0;504000.0;23408.0;421344.0;504000.0;82656.0;IMPORT;421344.0;82656.0;IMPORT;OK;PROJ_001;BAT_01;N2;B201;CHAMBRE_3;LOT_CAR;CAR_SOL;OBJ_00171;CAR-120-001;IfcCovering;IFC_00171;19000.0;342000.0;IMPORT;SP2I Procurement;NON_COMMENCE;DQE_VALIDATED;LOW;2026-10-01;BIM_READY;
LOT_FP|OBJ_00172;OBJ_00172;LOT_FP|BAT_01|N2|FAUX PLAFOND BA13;LOT_FP;default;BAT_01;N2;Faux plafond BA13;18.0;m²;18000.0;324000.0;324000.0;15048.0;270864.0;324000.0;53136.0;IMPORT;270864.0;53136.0;IMPORT;OK;PROJ_001;BAT_01;N2;B201;CHAMBRE_3;LOT_FP;FP_BA13;OBJ_00172;FP-001;IfcCovering;IFC_00172;14000.0;252000.0;IMPORT;SP2I Procurement;NON_COMMENCE;DQE_VALIDATED;LOW;2026-10-01;BIM_READY;
LOT_PNT|OBJ_00173;OBJ_00173;LOT_PNT|BAT_01|N2|PEINTURE SATINÉE MURS;LOT_PNT;peinture;BAT_01;N2;Peinture satinée murs;18.0;m²;6500.0;117000.0;117000.0;5434.0;97812.0;117000.0;19188.0;IMPORT;97812.0;19188.0;IMPORT;OK;PROJ_001;BAT_01;N2;B201;CHAMBRE_3;LOT_PNT;PNT_MUR;OBJ_00173;PNT-001;IfcCovering;IFC_00173;5000.0;90000.0;IMPORT;SP2I Procurement;NON_COMMENCE;DQE_VALIDATED;LOW;2026-10-01;BIM_READY;
LOT_CVC|OBJ_00174;OBJ_00174;LOT_CVC|BAT_01|N2|SPLIT MURAL;LOT_CVC;default;BAT_01;N2;Split mural;1.0;u;450000.0;450000.0;450000.0;376200.0;376200.0;450000.0;73800.0;IMPORT;376200.0;73800.0;IMPORT;OK;PROJ_001;BAT_01;N2;B201;CHAMBRE_3;LOT_CVC;CVC_UI;OBJ_00174;CVC-UI-001;IfcUnitaryEquipment;IFC_00174;320000.0;320000.0;IMPORT;SP2I Procurement;NON_COMMENCE;DQE_VALIDATED;LOW;2026-10-01;BIM_READY;
LOT_ELEC|OBJ_00175;OBJ_00175;LOT_ELEC|BAT_01|N2|SPOT LED ENCASTRÉ;LOT_ELEC;default;BAT_01;N2;Spot LED encastré;8.0;u;15000.0;120000.0;120000.0;12540.0;100320.0;120000.0;19680.0;IMPORT;100320.0;19680.0;IMPORT;OK;PROJ_001;BAT_01;N2;B201;SDB_PARENTALE;LOT_ELEC;ELEC_EN;OBJ_00175;ELEC-EN-001;IfcLightFixture;IFC_00175;12000.0;96000.0;IMPORT;SP2I Procurement;NON_COMMENCE;DQE_VALIDATED;LOW;2026-10-01;BIM_READY;
LOT_ELEC|OBJ_00176;OBJ_00176;LOT_ELEC|BAT_01|N2|PRISE 2P+T;LOT_ELEC;default;BAT_01;N2;Prise 2P+T;6.0;u;12000.0;72000.0;72000.0;10032.0;60192.0;72000.0;11808.0;IMPORT;60192.0;11808.0;IMPORT;OK;PROJ_001;BAT_01;N2;B201;SDB_PARENTALE;LOT_ELEC;ELEC_PC;OBJ_00176;ELEC-PC-001;IfcOutlet;IFC_00176;9000.0;54000.0;IMPORT;SP2I Procurement;NON_COMMENCE;DQE_VALIDATED;LOW;2026-10-01;BIM_READY;
LOT_CAR|OBJ_00177;OBJ_00177;LOT_CAR|BAT_01|N2|CARRELAGE 120X120;LOT_CAR;default;BAT_01;N2;Carrelage 120x120;8.0;m²;28000.0;224000.0;224000.0;23408.0;187264.0;224000.0;36736.0;IMPORT;187264.0;36736.0;IMPORT;OK;PROJ_001;BAT_01;N2;B201;SDB_PARENTALE;LOT_CAR;CAR_SOL;OBJ_00177;CAR-120-001;IfcCovering;IFC_00177;19000.0;152000.0;IMPORT;SP2I Procurement;NON_COMMENCE;DQE_VALIDATED;LOW;2026-10-01;BIM_READY;
LOT_FP|OBJ_00178;OBJ_00178;LOT_FP|BAT_01|N2|FAUX PLAFOND BA13;LOT_FP;default;BAT_01;N2;Faux plafond BA13;8.0;m²;18000.0;144000.0;144000.0;15048.0;120384.0;144000.0;23616.0;IMPORT;120384.0;23616.0;IMPORT;OK;PROJ_001;BAT_01;N2;B201;SDB_PARENTALE;LOT_FP;FP_BA13;OBJ_00178;FP-001;IfcCovering;IFC_00178;14000.0;112000.0;IMPORT;SP2I Procurement;NON_COMMENCE;DQE_VALIDATED;LOW;2026-10-01;BIM_READY;
LOT_PNT|OBJ_00179;OBJ_00179;LOT_PNT|BAT_01|N2|PEINTURE SATINÉE MURS;LOT_PNT;peinture;BAT_01;N2;Peinture satinée murs;8.0;m²;6500.0;52000.0;52000.0;5434.0;43472.0;52000.0;8528.0;IMPORT;43472.0;8528.0;IMPORT;OK;PROJ_001;BAT_01;N2;B201;SDB_PARENTALE;LOT_PNT;PNT_MUR;OBJ_00179;PNT-001;IfcCovering;IFC_00179;5000.0;40000.0;IMPORT;SP2I Procurement;NON_COMMENCE;DQE_VALIDATED;LOW;2026-10-01;BIM_READY;
LOT_CVC|OBJ_00180;OBJ_00180;LOT_CVC|BAT_01|N2|SPLIT MURAL;LOT_CVC;default;BAT_01;N2;Split mural;1.0;u;450000.0;450000.0;450000.0;376200.0;376200.0;450000.0;73800.0;IMPORT;376200.0;73800.0;IMPORT;OK;PROJ_001;BAT_01;N2;B201;SDB_PARENTALE;LOT_CVC;CVC_UI;OBJ_00180;CVC-UI-001;IfcUnitaryEquipment;IFC_00180;320000.0;320000.0;IMPORT;SP2I Procurement;NON_COMMENCE;DQE_VALIDATED;LOW;2026-10-01;BIM_READY;
LOT_ELEC|OBJ_00181;OBJ_00181;LOT_ELEC|BAT_01|N2|SPOT LED ENCASTRÉ;LOT_ELEC;default;BAT_01;N2;Spot LED encastré;8.0;u;15000.0;120000.0;120000.0;12540.0;100320.0;120000.0;19680.0;IMPORT;100320.0;19680.0;IMPORT;OK;PROJ_001;BAT_01;N2;B201;SDB_2;LOT_ELEC;ELEC_EN;OBJ_00181;ELEC-EN-001;IfcLightFixture;IFC_00181;12000.0;96000.0;IMPORT;SP2I Procurement;NON_COMMENCE;DQE_VALIDATED;LOW;2026-10-01;BIM_READY;
LOT_ELEC|OBJ_00182;OBJ_00182;LOT_ELEC|BAT_01|N2|PRISE 2P+T;LOT_ELEC;default;BAT_01;N2;Prise 2P+T;6.0;u;12000.0;72000.0;72000.0;10032.0;60192.0;72000.0;11808.0;IMPORT;60192.0;11808.0;IMPORT;OK;PROJ_001;BAT_01;N2;B201;SDB_2;LOT_ELEC;ELEC_PC;OBJ_00182;ELEC-PC-001;IfcOutlet;IFC_00182;9000.0;54000.0;IMPORT;SP2I Procurement;NON_COMMENCE;DQE_VALIDATED;LOW;2026-10-01;BIM_READY;
LOT_CAR|OBJ_00183;OBJ_00183;LOT_CAR|BAT_01|N2|CARRELAGE 120X120;LOT_CAR;default;BAT_01;N2;Carrelage 120x120;4.2;m²;28000.0;117600.0;117600.0;23408.0;98313.6;117600.0;19286.4;IMPORT;98313.6;19286.4;IMPORT;OK;PROJ_001;BAT_01;N2;B201;SDB_2;LOT_CAR;CAR_SOL;OBJ_00183;CAR-120-001;IfcCovering;IFC_00183;19000.0;79800.0;IMPORT;SP2I Procurement;NON_COMMENCE;DQE_VALIDATED;LOW;2026-10-01;BIM_READY;
LOT_FP|OBJ_00184;OBJ_00184;LOT_FP|BAT_01|N2|FAUX PLAFOND BA13;LOT_FP;default;BAT_01;N2;Faux plafond BA13;4.2;m²;18000.0;75600.0;75600.0;15048.0;63201.6;75600.0;12398.4;IMPORT;63201.6;12398.4;IMPORT;OK;PROJ_001;BAT_01;N2;B201;SDB_2;LOT_FP;FP_BA13;OBJ_00184;FP-001;IfcCovering;IFC_00184;14000.0;58800.0;IMPORT;SP2I Procurement;NON_COMMENCE;DQE_VALIDATED;LOW;2026-10-01;BIM_READY;
LOT_PNT|OBJ_00185;OBJ_00185;LOT_PNT|BAT_01|N2|PEINTURE SATINÉE MURS;LOT_PNT;peinture;BAT_01;N2;Peinture satinée murs;4.2;m²;6500.0;27300.0;27300.0;5434.0;22822.8;27300.0;4477.2;IMPORT;22822.8;4477.2;IMPORT;OK;PROJ_001;BAT_01;N2;B201;SDB_2;LOT_PNT;PNT_MUR;OBJ_00185;PNT-001;IfcCovering;IFC_00185;5000.0;21000.0;IMPORT;SP2I Procurement;NON_COMMENCE;DQE_VALIDATED;LOW;2026-10-01;BIM_READY;
LOT_CVC|OBJ_00186;OBJ_00186;LOT_CVC|BAT_01|N2|SPLIT MURAL;LOT_CVC;default;BAT_01;N2;Split mural;1.0;u;450000.0;450000.0;450000.0;376200.0;376200.0;450000.0;73800.0;IMPORT;376200.0;73800.0;IMPORT;OK;PROJ_001;BAT_01;N2;B201;SDB_2;LOT_CVC;CVC_UI;OBJ_00186;CVC-UI-001;IfcUnitaryEquipment;IFC_00186;320000.0;320000.0;IMPORT;SP2I Procurement;NON_COMMENCE;DQE_VALIDATED;LOW;2026-10-01;BIM_READY;
LOT_ELEC|OBJ_00187;OBJ_00187;LOT_ELEC|BAT_01|N2|SPOT LED ENCASTRÉ;LOT_ELEC;default;BAT_01;N2;Spot LED encastré;8.0;u;15000.0;120000.0;120000.0;12540.0;100320.0;120000.0;19680.0;IMPORT;100320.0;19680.0;IMPORT;OK;PROJ_001;BAT_01;N2;B201;BALCON;LOT_ELEC;ELEC_EN;OBJ_00187;ELEC-EN-001;IfcLightFixture;IFC_00187;12000.0;96000.0;IMPORT;SP2I Procurement;NON_COMMENCE;DQE_VALIDATED;LOW;2026-10-01;BIM_READY;
LOT_ELEC|OBJ_00188;OBJ_00188;LOT_ELEC|BAT_01|N2|PRISE 2P+T;LOT_ELEC;default;BAT_01;N2;Prise 2P+T;6.0;u;12000.0;72000.0;72000.0;10032.0;60192.0;72000.0;11808.0;IMPORT;60192.0;11808.0;IMPORT;OK;PROJ_001;BAT_01;N2;B201;BALCON;LOT_ELEC;ELEC_PC;OBJ_00188;ELEC-PC-001;IfcOutlet;IFC_00188;9000.0;54000.0;IMPORT;SP2I Procurement;NON_COMMENCE;DQE_VALIDATED;LOW;2026-10-01;BIM_READY;
LOT_CAR|OBJ_00189;OBJ_00189;LOT_CAR|BAT_01|N2|CARRELAGE 120X120;LOT_CAR;default;BAT_01;N2;Carrelage 120x120;22.0;m²;28000.0;616000.0;616000.0;23408.0;514976.0;616000.0;101024.0;IMPORT;514976.0;101024.0;IMPORT;OK;PROJ_001;BAT_01;N2;B201;BALCON;LOT_CAR;CAR_SOL;OBJ_00189;CAR-120-001;IfcCovering;IFC_00189;19000.0;418000.0;IMPORT;SP2I Procurement;NON_COMMENCE;DQE_VALIDATED;LOW;2026-10-01;BIM_READY;
LOT_FP|OBJ_00190;OBJ_00190;LOT_FP|BAT_01|N2|FAUX PLAFOND BA13;LOT_FP;default;BAT_01;N2;Faux plafond BA13;22.0;m²;18000.0;396000.0;396000.0;15048.0;331056.0;396000.0;64944.0;IMPORT;331056.0;64944.0;IMPORT;OK;PROJ_001;BAT_01;N2;B201;BALCON;LOT_FP;FP_BA13;OBJ_00190;FP-001;IfcCovering;IFC_00190;14000.0;308000.0;IMPORT;SP2I Procurement;NON_COMMENCE;DQE_VALIDATED;LOW;2026-10-01;BIM_READY;
LOT_PNT|OBJ_00191;OBJ_00191;LOT_PNT|BAT_01|N2|PEINTURE SATINÉE MURS;LOT_PNT;peinture;BAT_01;N2;Peinture satinée murs;22.0;m²;6500.0;143000.0;143000.0;5434.0;119548.0;143000.0;23452.0;IMPORT;119548.0;23452.0;IMPORT;OK;PROJ_001;BAT_01;N2;B201;BALCON;LOT_PNT;PNT_MUR;OBJ_00191;PNT-001;IfcCovering;IFC_00191;5000.0;110000.0;IMPORT;SP2I Procurement;NON_COMMENCE;DQE_VALIDATED;LOW;2026-10-01;BIM_READY;
LOT_CVC|OBJ_00192;OBJ_00192;LOT_CVC|BAT_01|N2|SPLIT MURAL;LOT_CVC;default;BAT_01;N2;Split mural;1.0;u;450000.0;450000.0;450000.0;376200.0;376200.0;450000.0;73800.0;IMPORT;376200.0;73800.0;IMPORT;OK;PROJ_001;BAT_01;N2;B201;BALCON;LOT_CVC;CVC_UI;OBJ_00192;CVC-UI-001;IfcUnitaryEquipment;IFC_00192;320000.0;320000.0;IMPORT;SP2I Procurement;NON_COMMENCE;DQE_VALIDATED;LOW;2026-10-01;BIM_READY;
LOT_ELEC|OBJ_00193;OBJ_00193;LOT_ELEC|BAT_01|N3|SPOT LED ENCASTRÉ;LOT_ELEC;default;BAT_01;N3;Spot LED encastré;24.0;u;15000.0;360000.0;360000.0;12540.0;300960.0;360000.0;59040.0;IMPORT;300960.0;59040.0;IMPORT;OK;PROJ_001;BAT_01;N3;A301;SEJOUR;LOT_ELEC;ELEC_EN;OBJ_00193;ELEC-EN-001;IfcLightFixture;IFC_00193;12000.0;288000.0;IMPORT;SP2I Procurement;NON_COMMENCE;DQE_VALIDATED;LOW;2026-10-01;BIM_READY;
LOT_ELEC|OBJ_00194;OBJ_00194;LOT_ELEC|BAT_01|N3|PRISE 2P+T;LOT_ELEC;default;BAT_01;N3;Prise 2P+T;18.0;u;12000.0;216000.0;216000.0;10032.0;180576.0;216000.0;35424.0;IMPORT;180576.0;35424.0;IMPORT;OK;PROJ_001;BAT_01;N3;A301;SEJOUR;LOT_ELEC;ELEC_PC;OBJ_00194;ELEC-PC-001;IfcOutlet;IFC_00194;9000.0;162000.0;IMPORT;SP2I Procurement;NON_COMMENCE;DQE_VALIDATED;LOW;2026-10-01;BIM_READY;
LOT_CAR|OBJ_00195;OBJ_00195;LOT_CAR|BAT_01|N3|CARRELAGE 120X120;LOT_CAR;default;BAT_01;N3;Carrelage 120x120;70.0;m²;28000.0;1960000.0;1960000.0;23408.0;1638560.0;1960000.0;321440.0;IMPORT;1638560.0;321440.0;IMPORT;OK;PROJ_001;BAT_01;N3;A301;SEJOUR;LOT_CAR;CAR_SOL;OBJ_00195;CAR-120-001;IfcCovering;IFC_00195;19000.0;1330000.0;IMPORT;SP2I Procurement;NON_COMMENCE;DQE_VALIDATED;LOW;2026-10-01;BIM_READY;
LOT_FP|OBJ_00196;OBJ_00196;LOT_FP|BAT_01|N3|FAUX PLAFOND BA13;LOT_FP;default;BAT_01;N3;Faux plafond BA13;70.0;m²;18000.0;1260000.0;1260000.0;15048.0;1053360.0;1260000.0;206640.0;IMPORT;1053360.0;206640.0;IMPORT;OK;PROJ_001;BAT_01;N3;A301;SEJOUR;LOT_FP;FP_BA13;OBJ_00196;FP-001;IfcCovering;IFC_00196;14000.0;980000.0;IMPORT;SP2I Procurement;NON_COMMENCE;DQE_VALIDATED;LOW;2026-10-01;BIM_READY;
LOT_PNT|OBJ_00197;OBJ_00197;LOT_PNT|BAT_01|N3|PEINTURE SATINÉE MURS;LOT_PNT;peinture;BAT_01;N3;Peinture satinée murs;70.0;m²;6500.0;455000.0;455000.0;5434.0;380380.0;455000.0;74620.0;IMPORT;380380.0;74620.0;IMPORT;OK;PROJ_001;BAT_01;N3;A301;SEJOUR;LOT_PNT;PNT_MUR;OBJ_00197;PNT-001;IfcCovering;IFC_00197;5000.0;350000.0;IMPORT;SP2I Procurement;NON_COMMENCE;DQE_VALIDATED;LOW;2026-10-01;BIM_READY;
LOT_CVC|OBJ_00198;OBJ_00198;LOT_CVC|BAT_01|N3|SPLIT MURAL;LOT_CVC;default;BAT_01;N3;Split mural;1.0;u;450000.0;450000.0;450000.0;376200.0;376200.0;450000.0;73800.0;IMPORT;376200.0;73800.0;IMPORT;OK;PROJ_001;BAT_01;N3;A301;SEJOUR;LOT_CVC;CVC_UI;OBJ_00198;CVC-UI-001;IfcUnitaryEquipment;IFC_00198;320000.0;320000.0;IMPORT;SP2I Procurement;NON_COMMENCE;DQE_VALIDATED;LOW;2026-10-01;BIM_READY;
LOT_ELEC|OBJ_00199;OBJ_00199;LOT_ELEC|BAT_01|N3|SPOT LED ENCASTRÉ;LOT_ELEC;default;BAT_01;N3;Spot LED encastré;8.0;u;15000.0;120000.0;120000.0;12540.0;100320.0;120000.0;19680.0;IMPORT;100320.0;19680.0;IMPORT;OK;PROJ_001;BAT_01;N3;A301;CUISINE;LOT_ELEC;ELEC_EN;OBJ_00199;ELEC-EN-001;IfcLightFixture;IFC_00199;12000.0;96000.0;IMPORT;SP2I Procurement;NON_COMMENCE;DQE_VALIDATED;LOW;2026-10-01;BIM_READY;
LOT_ELEC|OBJ_00200;OBJ_00200;LOT_ELEC|BAT_01|N3|PRISE 2P+T;LOT_ELEC;default;BAT_01;N3;Prise 2P+T;6.0;u;12000.0;72000.0;72000.0;10032.0;60192.0;72000.0;11808.0;IMPORT;60192.0;11808.0;IMPORT;OK;PROJ_001;BAT_01;N3;A301;CUISINE;LOT_ELEC;ELEC_PC;OBJ_00200;ELEC-PC-001;IfcOutlet;IFC_00200;9000.0;54000.0;IMPORT;SP2I Procurement;NON_COMMENCE;DQE_VALIDATED;LOW;2026-10-01;BIM_READY;
LOT_CAR|OBJ_00201;OBJ_00201;LOT_CAR|BAT_01|N3|CARRELAGE 120X120;LOT_CAR;default;BAT_01;N3;Carrelage 120x120;18.0;m²;28000.0;504000.0;504000.0;23408.0;421344.0;504000.0;82656.0;IMPORT;421344.0;82656.0;IMPORT;OK;PROJ_001;BAT_01;N3;A301;CUISINE;LOT_CAR;CAR_SOL;OBJ_00201;CAR-120-001;IfcCovering;IFC_00201;19000.0;342000.0;IMPORT;SP2I Procurement;NON_COMMENCE;DQE_VALIDATED;LOW;2026-10-01;BIM_READY;
LOT_FP|OBJ_00202;OBJ_00202;LOT_FP|BAT_01|N3|FAUX PLAFOND BA13;LOT_FP;default;BAT_01;N3;Faux plafond BA13;18.0;m²;18000.0;324000.0;324000.0;15048.0;270864.0;324000.0;53136.0;IMPORT;270864.0;53136.0;IMPORT;OK;PROJ_001;BAT_01;N3;A301;CUISINE;LOT_FP;FP_BA13;OBJ_00202;FP-001;IfcCovering;IFC_00202;14000.0;252000.0;IMPORT;SP2I Procurement;NON_COMMENCE;DQE_VALIDATED;LOW;2026-10-01;BIM_READY;
LOT_PNT|OBJ_00203;OBJ_00203;LOT_PNT|BAT_01|N3|PEINTURE SATINÉE MURS;LOT_PNT;peinture;BAT_01;N3;Peinture satinée murs;18.0;m²;6500.0;117000.0;117000.0;5434.0;97812.0;117000.0;19188.0;IMPORT;97812.0;19188.0;IMPORT;OK;PROJ_001;BAT_01;N3;A301;CUISINE;LOT_PNT;PNT_MUR;OBJ_00203;PNT-001;IfcCovering;IFC_00203;5000.0;90000.0;IMPORT;SP2I Procurement;NON_COMMENCE;DQE_VALIDATED;LOW;2026-10-01;BIM_READY;
LOT_CVC|OBJ_00204;OBJ_00204;LOT_CVC|BAT_01|N3|SPLIT MURAL;LOT_CVC;default;BAT_01;N3;Split mural;1.0;u;450000.0;450000.0;450000.0;376200.0;376200.0;450000.0;73800.0;IMPORT;376200.0;73800.0;IMPORT;OK;PROJ_001;BAT_01;N3;A301;CUISINE;LOT_CVC;CVC_UI;OBJ_00204;CVC-UI-001;IfcUnitaryEquipment;IFC_00204;320000.0;320000.0;IMPORT;SP2I Procurement;NON_COMMENCE;DQE_VALIDATED;LOW;2026-10-01;BIM_READY;
LOT_ELEC|OBJ_00205;OBJ_00205;LOT_ELEC|BAT_01|N3|SPOT LED ENCASTRÉ;LOT_ELEC;default;BAT_01;N3;Spot LED encastré;8.0;u;15000.0;120000.0;120000.0;12540.0;100320.0;120000.0;19680.0;IMPORT;100320.0;19680.0;IMPORT;OK;PROJ_001;BAT_01;N3;A301;CHAMBRE_1;LOT_ELEC;ELEC_EN;OBJ_00205;ELEC-EN-001;IfcLightFixture;IFC_00205;12000.0;96000.0;IMPORT;SP2I Procurement;NON_COMMENCE;DQE_VALIDATED;LOW;2026-10-01;BIM_READY;
LOT_ELEC|OBJ_00206;OBJ_00206;LOT_ELEC|BAT_01|N3|PRISE 2P+T;LOT_ELEC;default;BAT_01;N3;Prise 2P+T;6.0;u;12000.0;72000.0;72000.0;10032.0;60192.0;72000.0;11808.0;IMPORT;60192.0;11808.0;IMPORT;OK;PROJ_001;BAT_01;N3;A301;CHAMBRE_1;LOT_ELEC;ELEC_PC;OBJ_00206;ELEC-PC-001;IfcOutlet;IFC_00206;9000.0;54000.0;IMPORT;SP2I Procurement;NON_COMMENCE;DQE_VALIDATED;LOW;2026-10-01;BIM_READY;
LOT_CAR|OBJ_00207;OBJ_00207;LOT_CAR|BAT_01|N3|CARRELAGE 120X120;LOT_CAR;default;BAT_01;N3;Carrelage 120x120;27.0;m²;28000.0;756000.0;756000.0;23408.0;632016.0;756000.0;123984.0;IMPORT;632016.0;123984.0;IMPORT;OK;PROJ_001;BAT_01;N3;A301;CHAMBRE_1;LOT_CAR;CAR_SOL;OBJ_00207;CAR-120-001;IfcCovering;IFC_00207;19000.0;513000.0;IMPORT;SP2I Procurement;NON_COMMENCE;DQE_VALIDATED;LOW;2026-10-01;BIM_READY;
LOT_FP|OBJ_00208;OBJ_00208;LOT_FP|BAT_01|N3|FAUX PLAFOND BA13;LOT_FP;default;BAT_01;N3;Faux plafond BA13;27.0;m²;18000.0;486000.0;486000.0;15048.0;406296.0;486000.0;79704.0;IMPORT;406296.0;79704.0;IMPORT;OK;PROJ_001;BAT_01;N3;A301;CHAMBRE_1;LOT_FP;FP_BA13;OBJ_00208;FP-001;IfcCovering;IFC_00208;14000.0;378000.0;IMPORT;SP2I Procurement;NON_COMMENCE;DQE_VALIDATED;LOW;2026-10-01;BIM_READY;
LOT_PNT|OBJ_00209;OBJ_00209;LOT_PNT|BAT_01|N3|PEINTURE SATINÉE MURS;LOT_PNT;peinture;BAT_01;N3;Peinture satinée murs;27.0;m²;6500.0;175500.0;175500.0;5434.0;146718.0;175500.0;28782.0;IMPORT;146718.0;28782.0;IMPORT;OK;PROJ_001;BAT_01;N3;A301;CHAMBRE_1;LOT_PNT;PNT_MUR;OBJ_00209;PNT-001;IfcCovering;IFC_00209;5000.0;135000.0;IMPORT;SP2I Procurement;NON_COMMENCE;DQE_VALIDATED;LOW;2026-10-01;BIM_READY;
LOT_CVC|OBJ_00210;OBJ_00210;LOT_CVC|BAT_01|N3|SPLIT MURAL;LOT_CVC;default;BAT_01;N3;Split mural;1.0;u;450000.0;450000.0;450000.0;376200.0;376200.0;450000.0;73800.0;IMPORT;376200.0;73800.0;IMPORT;OK;PROJ_001;BAT_01;N3;A301;CHAMBRE_1;LOT_CVC;CVC_UI;OBJ_00210;CVC-UI-001;IfcUnitaryEquipment;IFC_00210;320000.0;320000.0;IMPORT;SP2I Procurement;NON_COMMENCE;DQE_VALIDATED;LOW;2026-10-01;BIM_READY;
LOT_ELEC|OBJ_00211;OBJ_00211;LOT_ELEC|BAT_01|N3|SPOT LED ENCASTRÉ;LOT_ELEC;default;BAT_01;N3;Spot LED encastré;8.0;u;15000.0;120000.0;120000.0;12540.0;100320.0;120000.0;19680.0;IMPORT;100320.0;19680.0;IMPORT;OK;PROJ_001;BAT_01;N3;A301;CHAMBRE_2;LOT_ELEC;ELEC_EN;OBJ_00211;ELEC-EN-001;IfcLightFixture;IFC_00211;12000.0;96000.0;IMPORT;SP2I Procurement;NON_COMMENCE;DQE_VALIDATED;LOW;2026-10-01;BIM_READY;
LOT_ELEC|OBJ_00212;OBJ_00212;LOT_ELEC|BAT_01|N3|PRISE 2P+T;LOT_ELEC;default;BAT_01;N3;Prise 2P+T;6.0;u;12000.0;72000.0;72000.0;10032.0;60192.0;72000.0;11808.0;IMPORT;60192.0;11808.0;IMPORT;OK;PROJ_001;BAT_01;N3;A301;CHAMBRE_2;LOT_ELEC;ELEC_PC;OBJ_00212;ELEC-PC-001;IfcOutlet;IFC_00212;9000.0;54000.0;IMPORT;SP2I Procurement;NON_COMMENCE;DQE_VALIDATED;LOW;2026-10-01;BIM_READY;
LOT_CAR|OBJ_00213;OBJ_00213;LOT_CAR|BAT_01|N3|CARRELAGE 120X120;LOT_CAR;default;BAT_01;N3;Carrelage 120x120;16.0;m²;28000.0;448000.0;448000.0;23408.0;374528.0;448000.0;73472.0;IMPORT;374528.0;73472.0;IMPORT;OK;PROJ_001;BAT_01;N3;A301;CHAMBRE_2;LOT_CAR;CAR_SOL;OBJ_00213;CAR-120-001;IfcCovering;IFC_00213;19000.0;304000.0;IMPORT;SP2I Procurement;NON_COMMENCE;DQE_VALIDATED;LOW;2026-10-01;BIM_READY;
LOT_FP|OBJ_00214;OBJ_00214;LOT_FP|BAT_01|N3|FAUX PLAFOND BA13;LOT_FP;default;BAT_01;N3;Faux plafond BA13;16.0;m²;18000.0;288000.0;288000.0;15048.0;240768.0;288000.0;47232.0;IMPORT;240768.0;47232.0;IMPORT;OK;PROJ_001;BAT_01;N3;A301;CHAMBRE_2;LOT_FP;FP_BA13;OBJ_00214;FP-001;IfcCovering;IFC_00214;14000.0;224000.0;IMPORT;SP2I Procurement;NON_COMMENCE;DQE_VALIDATED;LOW;2026-10-01;BIM_READY;
LOT_PNT|OBJ_00215;OBJ_00215;LOT_PNT|BAT_01|N3|PEINTURE SATINÉE MURS;LOT_PNT;peinture;BAT_01;N3;Peinture satinée murs;16.0;m²;6500.0;104000.0;104000.0;5434.0;86944.0;104000.0;17056.0;IMPORT;86944.0;17056.0;IMPORT;OK;PROJ_001;BAT_01;N3;A301;CHAMBRE_2;LOT_PNT;PNT_MUR;OBJ_00215;PNT-001;IfcCovering;IFC_00215;5000.0;80000.0;IMPORT;SP2I Procurement;NON_COMMENCE;DQE_VALIDATED;LOW;2026-10-01;BIM_READY;
LOT_CVC|OBJ_00216;OBJ_00216;LOT_CVC|BAT_01|N3|SPLIT MURAL;LOT_CVC;default;BAT_01;N3;Split mural;1.0;u;450000.0;450000.0;450000.0;376200.0;376200.0;450000.0;73800.0;IMPORT;376200.0;73800.0;IMPORT;OK;PROJ_001;BAT_01;N3;A301;CHAMBRE_2;LOT_CVC;CVC_UI;OBJ_00216;CVC-UI-001;IfcUnitaryEquipment;IFC_00216;320000.0;320000.0;IMPORT;SP2I Procurement;NON_COMMENCE;DQE_VALIDATED;LOW;2026-10-01;BIM_READY;
LOT_ELEC|OBJ_00217;OBJ_00217;LOT_ELEC|BAT_01|N3|SPOT LED ENCASTRÉ;LOT_ELEC;default;BAT_01;N3;Spot LED encastré;8.0;u;15000.0;120000.0;120000.0;12540.0;100320.0;120000.0;19680.0;IMPORT;100320.0;19680.0;IMPORT;OK;PROJ_001;BAT_01;N3;A301;CHAMBRE_3;LOT_ELEC;ELEC_EN;OBJ_00217;ELEC-EN-001;IfcLightFixture;IFC_00217;12000.0;96000.0;IMPORT;SP2I Procurement;NON_COMMENCE;DQE_VALIDATED;LOW;2026-10-01;BIM_READY;
LOT_ELEC|OBJ_00218;OBJ_00218;LOT_ELEC|BAT_01|N3|PRISE 2P+T;LOT_ELEC;default;BAT_01;N3;Prise 2P+T;6.0;u;12000.0;72000.0;72000.0;10032.0;60192.0;72000.0;11808.0;IMPORT;60192.0;11808.0;IMPORT;OK;PROJ_001;BAT_01;N3;A301;CHAMBRE_3;LOT_ELEC;ELEC_PC;OBJ_00218;ELEC-PC-001;IfcOutlet;IFC_00218;9000.0;54000.0;IMPORT;SP2I Procurement;NON_COMMENCE;DQE_VALIDATED;LOW;2026-10-01;BIM_READY;
LOT_CAR|OBJ_00219;OBJ_00219;LOT_CAR|BAT_01|N3|CARRELAGE 120X120;LOT_CAR;default;BAT_01;N3;Carrelage 120x120;18.0;m²;28000.0;504000.0;504000.0;23408.0;421344.0;504000.0;82656.0;IMPORT;421344.0;82656.0;IMPORT;OK;PROJ_001;BAT_01;N3;A301;CHAMBRE_3;LOT_CAR;CAR_SOL;OBJ_00219;CAR-120-001;IfcCovering;IFC_00219;19000.0;342000.0;IMPORT;SP2I Procurement;NON_COMMENCE;DQE_VALIDATED;LOW;2026-10-01;BIM_READY;
LOT_FP|OBJ_00220;OBJ_00220;LOT_FP|BAT_01|N3|FAUX PLAFOND BA13;LOT_FP;default;BAT_01;N3;Faux plafond BA13;18.0;m²;18000.0;324000.0;324000.0;15048.0;270864.0;324000.0;53136.0;IMPORT;270864.0;53136.0;IMPORT;OK;PROJ_001;BAT_01;N3;A301;CHAMBRE_3;LOT_FP;FP_BA13;OBJ_00220;FP-001;IfcCovering;IFC_00220;14000.0;252000.0;IMPORT;SP2I Procurement;NON_COMMENCE;DQE_VALIDATED;LOW;2026-10-01;BIM_READY;
LOT_PNT|OBJ_00221;OBJ_00221;LOT_PNT|BAT_01|N3|PEINTURE SATINÉE MURS;LOT_PNT;peinture;BAT_01;N3;Peinture satinée murs;18.0;m²;6500.0;117000.0;117000.0;5434.0;97812.0;117000.0;19188.0;IMPORT;97812.0;19188.0;IMPORT;OK;PROJ_001;BAT_01;N3;A301;CHAMBRE_3;LOT_PNT;PNT_MUR;OBJ_00221;PNT-001;IfcCovering;IFC_00221;5000.0;90000.0;IMPORT;SP2I Procurement;NON_COMMENCE;DQE_VALIDATED;LOW;2026-10-01;BIM_READY;
LOT_CVC|OBJ_00222;OBJ_00222;LOT_CVC|BAT_01|N3|SPLIT MURAL;LOT_CVC;default;BAT_01;N3;Split mural;1.0;u;450000.0;450000.0;450000.0;376200.0;376200.0;450000.0;73800.0;IMPORT;376200.0;73800.0;IMPORT;OK;PROJ_001;BAT_01;N3;A301;CHAMBRE_3;LOT_CVC;CVC_UI;OBJ_00222;CVC-UI-001;IfcUnitaryEquipment;IFC_00222;320000.0;320000.0;IMPORT;SP2I Procurement;NON_COMMENCE;DQE_VALIDATED;LOW;2026-10-01;BIM_READY;
LOT_ELEC|OBJ_00223;OBJ_00223;LOT_ELEC|BAT_01|N3|SPOT LED ENCASTRÉ;LOT_ELEC;default;BAT_01;N3;Spot LED encastré;8.0;u;15000.0;120000.0;120000.0;12540.0;100320.0;120000.0;19680.0;IMPORT;100320.0;19680.0;IMPORT;OK;PROJ_001;BAT_01;N3;A301;SDB_PARENTALE;LOT_ELEC;ELEC_EN;OBJ_00223;ELEC-EN-001;IfcLightFixture;IFC_00223;12000.0;96000.0;IMPORT;SP2I Procurement;NON_COMMENCE;DQE_VALIDATED;LOW;2026-10-01;BIM_READY;
LOT_ELEC|OBJ_00224;OBJ_00224;LOT_ELEC|BAT_01|N3|PRISE 2P+T;LOT_ELEC;default;BAT_01;N3;Prise 2P+T;6.0;u;12000.0;72000.0;72000.0;10032.0;60192.0;72000.0;11808.0;IMPORT;60192.0;11808.0;IMPORT;OK;PROJ_001;BAT_01;N3;A301;SDB_PARENTALE;LOT_ELEC;ELEC_PC;OBJ_00224;ELEC-PC-001;IfcOutlet;IFC_00224;9000.0;54000.0;IMPORT;SP2I Procurement;NON_COMMENCE;DQE_VALIDATED;LOW;2026-10-01;BIM_READY;
LOT_CAR|OBJ_00225;OBJ_00225;LOT_CAR|BAT_01|N3|CARRELAGE 120X120;LOT_CAR;default;BAT_01;N3;Carrelage 120x120;8.0;m²;28000.0;224000.0;224000.0;23408.0;187264.0;224000.0;36736.0;IMPORT;187264.0;36736.0;IMPORT;OK;PROJ_001;BAT_01;N3;A301;SDB_PARENTALE;LOT_CAR;CAR_SOL;OBJ_00225;CAR-120-001;IfcCovering;IFC_00225;19000.0;152000.0;IMPORT;SP2I Procurement;NON_COMMENCE;DQE_VALIDATED;LOW;2026-10-01;BIM_READY;
LOT_FP|OBJ_00226;OBJ_00226;LOT_FP|BAT_01|N3|FAUX PLAFOND BA13;LOT_FP;default;BAT_01;N3;Faux plafond BA13;8.0;m²;18000.0;144000.0;144000.0;15048.0;120384.0;144000.0;23616.0;IMPORT;120384.0;23616.0;IMPORT;OK;PROJ_001;BAT_01;N3;A301;SDB_PARENTALE;LOT_FP;FP_BA13;OBJ_00226;FP-001;IfcCovering;IFC_00226;14000.0;112000.0;IMPORT;SP2I Procurement;NON_COMMENCE;DQE_VALIDATED;LOW;2026-10-01;BIM_READY;
LOT_PNT|OBJ_00227;OBJ_00227;LOT_PNT|BAT_01|N3|PEINTURE SATINÉE MURS;LOT_PNT;peinture;BAT_01;N3;Peinture satinée murs;8.0;m²;6500.0;52000.0;52000.0;5434.0;43472.0;52000.0;8528.0;IMPORT;43472.0;8528.0;IMPORT;OK;PROJ_001;BAT_01;N3;A301;SDB_PARENTALE;LOT_PNT;PNT_MUR;OBJ_00227;PNT-001;IfcCovering;IFC_00227;5000.0;40000.0;IMPORT;SP2I Procurement;NON_COMMENCE;DQE_VALIDATED;LOW;2026-10-01;BIM_READY;
LOT_CVC|OBJ_00228;OBJ_00228;LOT_CVC|BAT_01|N3|SPLIT MURAL;LOT_CVC;default;BAT_01;N3;Split mural;1.0;u;450000.0;450000.0;450000.0;376200.0;376200.0;450000.0;73800.0;IMPORT;376200.0;73800.0;IMPORT;OK;PROJ_001;BAT_01;N3;A301;SDB_PARENTALE;LOT_CVC;CVC_UI;OBJ_00228;CVC-UI-001;IfcUnitaryEquipment;IFC_00228;320000.0;320000.0;IMPORT;SP2I Procurement;NON_COMMENCE;DQE_VALIDATED;LOW;2026-10-01;BIM_READY;
LOT_ELEC|OBJ_00229;OBJ_00229;LOT_ELEC|BAT_01|N3|SPOT LED ENCASTRÉ;LOT_ELEC;default;BAT_01;N3;Spot LED encastré;8.0;u;15000.0;120000.0;120000.0;12540.0;100320.0;120000.0;19680.0;IMPORT;100320.0;19680.0;IMPORT;OK;PROJ_001;BAT_01;N3;A301;SDB_2;LOT_ELEC;ELEC_EN;OBJ_00229;ELEC-EN-001;IfcLightFixture;IFC_00229;12000.0;96000.0;IMPORT;SP2I Procurement;NON_COMMENCE;DQE_VALIDATED;LOW;2026-10-01;BIM_READY;
LOT_ELEC|OBJ_00230;OBJ_00230;LOT_ELEC|BAT_01|N3|PRISE 2P+T;LOT_ELEC;default;BAT_01;N3;Prise 2P+T;6.0;u;12000.0;72000.0;72000.0;10032.0;60192.0;72000.0;11808.0;IMPORT;60192.0;11808.0;IMPORT;OK;PROJ_001;BAT_01;N3;A301;SDB_2;LOT_ELEC;ELEC_PC;OBJ_00230;ELEC-PC-001;IfcOutlet;IFC_00230;9000.0;54000.0;IMPORT;SP2I Procurement;NON_COMMENCE;DQE_VALIDATED;LOW;2026-10-01;BIM_READY;
LOT_CAR|OBJ_00231;OBJ_00231;LOT_CAR|BAT_01|N3|CARRELAGE 120X120;LOT_CAR;default;BAT_01;N3;Carrelage 120x120;4.2;m²;28000.0;117600.0;117600.0;23408.0;98313.6;117600.0;19286.4;IMPORT;98313.6;19286.4;IMPORT;OK;PROJ_001;BAT_01;N3;A301;SDB_2;LOT_CAR;CAR_SOL;OBJ_00231;CAR-120-001;IfcCovering;IFC_00231;19000.0;79800.0;IMPORT;SP2I Procurement;NON_COMMENCE;DQE_VALIDATED;LOW;2026-10-01;BIM_READY;
LOT_FP|OBJ_00232;OBJ_00232;LOT_FP|BAT_01|N3|FAUX PLAFOND BA13;LOT_FP;default;BAT_01;N3;Faux plafond BA13;4.2;m²;18000.0;75600.0;75600.0;15048.0;63201.6;75600.0;12398.4;IMPORT;63201.6;12398.4;IMPORT;OK;PROJ_001;BAT_01;N3;A301;SDB_2;LOT_FP;FP_BA13;OBJ_00232;FP-001;IfcCovering;IFC_00232;14000.0;58800.0;IMPORT;SP2I Procurement;NON_COMMENCE;DQE_VALIDATED;LOW;2026-10-01;BIM_READY;
LOT_PNT|OBJ_00233;OBJ_00233;LOT_PNT|BAT_01|N3|PEINTURE SATINÉE MURS;LOT_PNT;peinture;BAT_01;N3;Peinture satinée murs;4.2;m²;6500.0;27300.0;27300.0;5434.0;22822.8;27300.0;4477.2;IMPORT;22822.8;4477.2;IMPORT;OK;PROJ_001;BAT_01;N3;A301;SDB_2;LOT_PNT;PNT_MUR;OBJ_00233;PNT-001;IfcCovering;IFC_00233;5000.0;21000.0;IMPORT;SP2I Procurement;NON_COMMENCE;DQE_VALIDATED;LOW;2026-10-01;BIM_READY;
LOT_CVC|OBJ_00234;OBJ_00234;LOT_CVC|BAT_01|N3|SPLIT MURAL;LOT_CVC;default;BAT_01;N3;Split mural;1.0;u;450000.0;450000.0;450000.0;376200.0;376200.0;450000.0;73800.0;IMPORT;376200.0;73800.0;IMPORT;OK;PROJ_001;BAT_01;N3;A301;SDB_2;LOT_CVC;CVC_UI;OBJ_00234;CVC-UI-001;IfcUnitaryEquipment;IFC_00234;320000.0;320000.0;IMPORT;SP2I Procurement;NON_COMMENCE;DQE_VALIDATED;LOW;2026-10-01;BIM_READY;
LOT_ELEC|OBJ_00235;OBJ_00235;LOT_ELEC|BAT_01|N3|SPOT LED ENCASTRÉ;LOT_ELEC;default;BAT_01;N3;Spot LED encastré;8.0;u;15000.0;120000.0;120000.0;12540.0;100320.0;120000.0;19680.0;IMPORT;100320.0;19680.0;IMPORT;OK;PROJ_001;BAT_01;N3;A301;BALCON;LOT_ELEC;ELEC_EN;OBJ_00235;ELEC-EN-001;IfcLightFixture;IFC_00235;12000.0;96000.0;IMPORT;SP2I Procurement;NON_COMMENCE;DQE_VALIDATED;LOW;2026-10-01;BIM_READY;
LOT_ELEC|OBJ_00236;OBJ_00236;LOT_ELEC|BAT_01|N3|PRISE 2P+T;LOT_ELEC;default;BAT_01;N3;Prise 2P+T;6.0;u;12000.0;72000.0;72000.0;10032.0;60192.0;72000.0;11808.0;IMPORT;60192.0;11808.0;IMPORT;OK;PROJ_001;BAT_01;N3;A301;BALCON;LOT_ELEC;ELEC_PC;OBJ_00236;ELEC-PC-001;IfcOutlet;IFC_00236;9000.0;54000.0;IMPORT;SP2I Procurement;NON_COMMENCE;DQE_VALIDATED;LOW;2026-10-01;BIM_READY;
LOT_CAR|OBJ_00237;OBJ_00237;LOT_CAR|BAT_01|N3|CARRELAGE 120X120;LOT_CAR;default;BAT_01;N3;Carrelage 120x120;22.0;m²;28000.0;616000.0;616000.0;23408.0;514976.0;616000.0;101024.0;IMPORT;514976.0;101024.0;IMPORT;OK;PROJ_001;BAT_01;N3;A301;BALCON;LOT_CAR;CAR_SOL;OBJ_00237;CAR-120-001;IfcCovering;IFC_00237;19000.0;418000.0;IMPORT;SP2I Procurement;NON_COMMENCE;DQE_VALIDATED;LOW;2026-10-01;BIM_READY;
LOT_FP|OBJ_00238;OBJ_00238;LOT_FP|BAT_01|N3|FAUX PLAFOND BA13;LOT_FP;default;BAT_01;N3;Faux plafond BA13;22.0;m²;18000.0;396000.0;396000.0;15048.0;331056.0;396000.0;64944.0;IMPORT;331056.0;64944.0;IMPORT;OK;PROJ_001;BAT_01;N3;A301;BALCON;LOT_FP;FP_BA13;OBJ_00238;FP-001;IfcCovering;IFC_00238;14000.0;308000.0;IMPORT;SP2I Procurement;NON_COMMENCE;DQE_VALIDATED;LOW;2026-10-01;BIM_READY;
LOT_PNT|OBJ_00239;OBJ_00239;LOT_PNT|BAT_01|N3|PEINTURE SATINÉE MURS;LOT_PNT;peinture;BAT_01;N3;Peinture satinée murs;22.0;m²;6500.0;143000.0;143000.0;5434.0;119548.0;143000.0;23452.0;IMPORT;119548.0;23452.0;IMPORT;OK;PROJ_001;BAT_01;N3;A301;BALCON;LOT_PNT;PNT_MUR;OBJ_00239;PNT-001;IfcCovering;IFC_00239;5000.0;110000.0;IMPORT;SP2I Procurement;NON_COMMENCE;DQE_VALIDATED;LOW;2026-10-01;BIM_READY;
LOT_CVC|OBJ_00240;OBJ_00240;LOT_CVC|BAT_01|N3|SPLIT MURAL;LOT_CVC;default;BAT_01;N3;Split mural;1.0;u;450000.0;450000.0;450000.0;376200.0;376200.0;450000.0;73800.0;IMPORT;376200.0;73800.0;IMPORT;OK;PROJ_001;BAT_01;N3;A301;BALCON;LOT_CVC;CVC_UI;OBJ_00240;CVC-UI-001;IfcUnitaryEquipment;IFC_00240;320000.0;320000.0;IMPORT;SP2I Procurement;NON_COMMENCE;DQE_VALIDATED;LOW;2026-10-01;BIM_READY;
LOT_ELEC|OBJ_00241;OBJ_00241;LOT_ELEC|BAT_01|N3|SPOT LED ENCASTRÉ;LOT_ELEC;default;BAT_01;N3;Spot LED encastré;24.0;u;15000.0;360000.0;360000.0;12540.0;300960.0;360000.0;59040.0;IMPORT;300960.0;59040.0;IMPORT;OK;PROJ_001;BAT_01;N3;B301;SEJOUR;LOT_ELEC;ELEC_EN;OBJ_00241;ELEC-EN-001;IfcLightFixture;IFC_00241;12000.0;288000.0;IMPORT;SP2I Procurement;NON_COMMENCE;DQE_VALIDATED;LOW;2026-10-01;BIM_READY;
LOT_ELEC|OBJ_00242;OBJ_00242;LOT_ELEC|BAT_01|N3|PRISE 2P+T;LOT_ELEC;default;BAT_01;N3;Prise 2P+T;18.0;u;12000.0;216000.0;216000.0;10032.0;180576.0;216000.0;35424.0;IMPORT;180576.0;35424.0;IMPORT;OK;PROJ_001;BAT_01;N3;B301;SEJOUR;LOT_ELEC;ELEC_PC;OBJ_00242;ELEC-PC-001;IfcOutlet;IFC_00242;9000.0;162000.0;IMPORT;SP2I Procurement;NON_COMMENCE;DQE_VALIDATED;LOW;2026-10-01;BIM_READY;
LOT_CAR|OBJ_00243;OBJ_00243;LOT_CAR|BAT_01|N3|CARRELAGE 120X120;LOT_CAR;default;BAT_01;N3;Carrelage 120x120;70.0;m²;28000.0;1960000.0;1960000.0;23408.0;1638560.0;1960000.0;321440.0;IMPORT;1638560.0;321440.0;IMPORT;OK;PROJ_001;BAT_01;N3;B301;SEJOUR;LOT_CAR;CAR_SOL;OBJ_00243;CAR-120-001;IfcCovering;IFC_00243;19000.0;1330000.0;IMPORT;SP2I Procurement;NON_COMMENCE;DQE_VALIDATED;LOW;2026-10-01;BIM_READY;
LOT_FP|OBJ_00244;OBJ_00244;LOT_FP|BAT_01|N3|FAUX PLAFOND BA13;LOT_FP;default;BAT_01;N3;Faux plafond BA13;70.0;m²;18000.0;1260000.0;1260000.0;15048.0;1053360.0;1260000.0;206640.0;IMPORT;1053360.0;206640.0;IMPORT;OK;PROJ_001;BAT_01;N3;B301;SEJOUR;LOT_FP;FP_BA13;OBJ_00244;FP-001;IfcCovering;IFC_00244;14000.0;980000.0;IMPORT;SP2I Procurement;NON_COMMENCE;DQE_VALIDATED;LOW;2026-10-01;BIM_READY;
LOT_PNT|OBJ_00245;OBJ_00245;LOT_PNT|BAT_01|N3|PEINTURE SATINÉE MURS;LOT_PNT;peinture;BAT_01;N3;Peinture satinée murs;70.0;m²;6500.0;455000.0;455000.0;5434.0;380380.0;455000.0;74620.0;IMPORT;380380.0;74620.0;IMPORT;OK;PROJ_001;BAT_01;N3;B301;SEJOUR;LOT_PNT;PNT_MUR;OBJ_00245;PNT-001;IfcCovering;IFC_00245;5000.0;350000.0;IMPORT;SP2I Procurement;NON_COMMENCE;DQE_VALIDATED;LOW;2026-10-01;BIM_READY;
LOT_CVC|OBJ_00246;OBJ_00246;LOT_CVC|BAT_01|N3|SPLIT MURAL;LOT_CVC;default;BAT_01;N3;Split mural;1.0;u;450000.0;450000.0;450000.0;376200.0;376200.0;450000.0;73800.0;IMPORT;376200.0;73800.0;IMPORT;OK;PROJ_001;BAT_01;N3;B301;SEJOUR;LOT_CVC;CVC_UI;OBJ_00246;CVC-UI-001;IfcUnitaryEquipment;IFC_00246;320000.0;320000.0;IMPORT;SP2I Procurement;NON_COMMENCE;DQE_VALIDATED;LOW;2026-10-01;BIM_READY;
LOT_ELEC|OBJ_00247;OBJ_00247;LOT_ELEC|BAT_01|N3|SPOT LED ENCASTRÉ;LOT_ELEC;default;BAT_01;N3;Spot LED encastré;8.0;u;15000.0;120000.0;120000.0;12540.0;100320.0;120000.0;19680.0;IMPORT;100320.0;19680.0;IMPORT;OK;PROJ_001;BAT_01;N3;B301;CUISINE;LOT_ELEC;ELEC_EN;OBJ_00247;ELEC-EN-001;IfcLightFixture;IFC_00247;12000.0;96000.0;IMPORT;SP2I Procurement;NON_COMMENCE;DQE_VALIDATED;LOW;2026-10-01;BIM_READY;
LOT_ELEC|OBJ_00248;OBJ_00248;LOT_ELEC|BAT_01|N3|PRISE 2P+T;LOT_ELEC;default;BAT_01;N3;Prise 2P+T;6.0;u;12000.0;72000.0;72000.0;10032.0;60192.0;72000.0;11808.0;IMPORT;60192.0;11808.0;IMPORT;OK;PROJ_001;BAT_01;N3;B301;CUISINE;LOT_ELEC;ELEC_PC;OBJ_00248;ELEC-PC-001;IfcOutlet;IFC_00248;9000.0;54000.0;IMPORT;SP2I Procurement;NON_COMMENCE;DQE_VALIDATED;LOW;2026-10-01;BIM_READY;
LOT_CAR|OBJ_00249;OBJ_00249;LOT_CAR|BAT_01|N3|CARRELAGE 120X120;LOT_CAR;default;BAT_01;N3;Carrelage 120x120;18.0;m²;28000.0;504000.0;504000.0;23408.0;421344.0;504000.0;82656.0;IMPORT;421344.0;82656.0;IMPORT;OK;PROJ_001;BAT_01;N3;B301;CUISINE;LOT_CAR;CAR_SOL;OBJ_00249;CAR-120-001;IfcCovering;IFC_00249;19000.0;342000.0;IMPORT;SP2I Procurement;NON_COMMENCE;DQE_VALIDATED;LOW;2026-10-01;BIM_READY;
LOT_FP|OBJ_00250;OBJ_00250;LOT_FP|BAT_01|N3|FAUX PLAFOND BA13;LOT_FP;default;BAT_01;N3;Faux plafond BA13;18.0;m²;18000.0;324000.0;324000.0;15048.0;270864.0;324000.0;53136.0;IMPORT;270864.0;53136.0;IMPORT;OK;PROJ_001;BAT_01;N3;B301;CUISINE;LOT_FP;FP_BA13;OBJ_00250;FP-001;IfcCovering;IFC_00250;14000.0;252000.0;IMPORT;SP2I Procurement;NON_COMMENCE;DQE_VALIDATED;LOW;2026-10-01;BIM_READY;
LOT_PNT|OBJ_00251;OBJ_00251;LOT_PNT|BAT_01|N3|PEINTURE SATINÉE MURS;LOT_PNT;peinture;BAT_01;N3;Peinture satinée murs;18.0;m²;6500.0;117000.0;117000.0;5434.0;97812.0;117000.0;19188.0;IMPORT;97812.0;19188.0;IMPORT;OK;PROJ_001;BAT_01;N3;B301;CUISINE;LOT_PNT;PNT_MUR;OBJ_00251;PNT-001;IfcCovering;IFC_00251;5000.0;90000.0;IMPORT;SP2I Procurement;NON_COMMENCE;DQE_VALIDATED;LOW;2026-10-01;BIM_READY;
LOT_CVC|OBJ_00252;OBJ_00252;LOT_CVC|BAT_01|N3|SPLIT MURAL;LOT_CVC;default;BAT_01;N3;Split mural;1.0;u;450000.0;450000.0;450000.0;376200.0;376200.0;450000.0;73800.0;IMPORT;376200.0;73800.0;IMPORT;OK;PROJ_001;BAT_01;N3;B301;CUISINE;LOT_CVC;CVC_UI;OBJ_00252;CVC-UI-001;IfcUnitaryEquipment;IFC_00252;320000.0;320000.0;IMPORT;SP2I Procurement;NON_COMMENCE;DQE_VALIDATED;LOW;2026-10-01;BIM_READY;
LOT_ELEC|OBJ_00253;OBJ_00253;LOT_ELEC|BAT_01|N3|SPOT LED ENCASTRÉ;LOT_ELEC;default;BAT_01;N3;Spot LED encastré;8.0;u;15000.0;120000.0;120000.0;12540.0;100320.0;120000.0;19680.0;IMPORT;100320.0;19680.0;IMPORT;OK;PROJ_001;BAT_01;N3;B301;CHAMBRE_1;LOT_ELEC;ELEC_EN;OBJ_00253;ELEC-EN-001;IfcLightFixture;IFC_00253;12000.0;96000.0;IMPORT;SP2I Procurement;NON_COMMENCE;DQE_VALIDATED;LOW;2026-10-01;BIM_READY;
LOT_ELEC|OBJ_00254;OBJ_00254;LOT_ELEC|BAT_01|N3|PRISE 2P+T;LOT_ELEC;default;BAT_01;N3;Prise 2P+T;6.0;u;12000.0;72000.0;72000.0;10032.0;60192.0;72000.0;11808.0;IMPORT;60192.0;11808.0;IMPORT;OK;PROJ_001;BAT_01;N3;B301;CHAMBRE_1;LOT_ELEC;ELEC_PC;OBJ_00254;ELEC-PC-001;IfcOutlet;IFC_00254;9000.0;54000.0;IMPORT;SP2I Procurement;NON_COMMENCE;DQE_VALIDATED;LOW;2026-10-01;BIM_READY;
LOT_CAR|OBJ_00255;OBJ_00255;LOT_CAR|BAT_01|N3|CARRELAGE 120X120;LOT_CAR;default;BAT_01;N3;Carrelage 120x120;27.0;m²;28000.0;756000.0;756000.0;23408.0;632016.0;756000.0;123984.0;IMPORT;632016.0;123984.0;IMPORT;OK;PROJ_001;BAT_01;N3;B301;CHAMBRE_1;LOT_CAR;CAR_SOL;OBJ_00255;CAR-120-001;IfcCovering;IFC_00255;19000.0;513000.0;IMPORT;SP2I Procurement;NON_COMMENCE;DQE_VALIDATED;LOW;2026-10-01;BIM_READY;
LOT_FP|OBJ_00256;OBJ_00256;LOT_FP|BAT_01|N3|FAUX PLAFOND BA13;LOT_FP;default;BAT_01;N3;Faux plafond BA13;27.0;m²;18000.0;486000.0;486000.0;15048.0;406296.0;486000.0;79704.0;IMPORT;406296.0;79704.0;IMPORT;OK;PROJ_001;BAT_01;N3;B301;CHAMBRE_1;LOT_FP;FP_BA13;OBJ_00256;FP-001;IfcCovering;IFC_00256;14000.0;378000.0;IMPORT;SP2I Procurement;NON_COMMENCE;DQE_VALIDATED;LOW;2026-10-01;BIM_READY;
LOT_PNT|OBJ_00257;OBJ_00257;LOT_PNT|BAT_01|N3|PEINTURE SATINÉE MURS;LOT_PNT;peinture;BAT_01;N3;Peinture satinée murs;27.0;m²;6500.0;175500.0;175500.0;5434.0;146718.0;175500.0;28782.0;IMPORT;146718.0;28782.0;IMPORT;OK;PROJ_001;BAT_01;N3;B301;CHAMBRE_1;LOT_PNT;PNT_MUR;OBJ_00257;PNT-001;IfcCovering;IFC_00257;5000.0;135000.0;IMPORT;SP2I Procurement;NON_COMMENCE;DQE_VALIDATED;LOW;2026-10-01;BIM_READY;
LOT_CVC|OBJ_00258;OBJ_00258;LOT_CVC|BAT_01|N3|SPLIT MURAL;LOT_CVC;default;BAT_01;N3;Split mural;1.0;u;450000.0;450000.0;450000.0;376200.0;376200.0;450000.0;73800.0;IMPORT;376200.0;73800.0;IMPORT;OK;PROJ_001;BAT_01;N3;B301;CHAMBRE_1;LOT_CVC;CVC_UI;OBJ_00258;CVC-UI-001;IfcUnitaryEquipment;IFC_00258;320000.0;320000.0;IMPORT;SP2I Procurement;NON_COMMENCE;DQE_VALIDATED;LOW;2026-10-01;BIM_READY;
LOT_ELEC|OBJ_00259;OBJ_00259;LOT_ELEC|BAT_01|N3|SPOT LED ENCASTRÉ;LOT_ELEC;default;BAT_01;N3;Spot LED encastré;8.0;u;15000.0;120000.0;120000.0;12540.0;100320.0;120000.0;19680.0;IMPORT;100320.0;19680.0;IMPORT;OK;PROJ_001;BAT_01;N3;B301;CHAMBRE_2;LOT_ELEC;ELEC_EN;OBJ_00259;ELEC-EN-001;IfcLightFixture;IFC_00259;12000.0;96000.0;IMPORT;SP2I Procurement;NON_COMMENCE;DQE_VALIDATED;LOW;2026-10-01;BIM_READY;
LOT_ELEC|OBJ_00260;OBJ_00260;LOT_ELEC|BAT_01|N3|PRISE 2P+T;LOT_ELEC;default;BAT_01;N3;Prise 2P+T;6.0;u;12000.0;72000.0;72000.0;10032.0;60192.0;72000.0;11808.0;IMPORT;60192.0;11808.0;IMPORT;OK;PROJ_001;BAT_01;N3;B301;CHAMBRE_2;LOT_ELEC;ELEC_PC;OBJ_00260;ELEC-PC-001;IfcOutlet;IFC_00260;9000.0;54000.0;IMPORT;SP2I Procurement;NON_COMMENCE;DQE_VALIDATED;LOW;2026-10-01;BIM_READY;
LOT_CAR|OBJ_00261;OBJ_00261;LOT_CAR|BAT_01|N3|CARRELAGE 120X120;LOT_CAR;default;BAT_01;N3;Carrelage 120x120;16.0;m²;28000.0;448000.0;448000.0;23408.0;374528.0;448000.0;73472.0;IMPORT;374528.0;73472.0;IMPORT;OK;PROJ_001;BAT_01;N3;B301;CHAMBRE_2;LOT_CAR;CAR_SOL;OBJ_00261;CAR-120-001;IfcCovering;IFC_00261;19000.0;304000.0;IMPORT;SP2I Procurement;NON_COMMENCE;DQE_VALIDATED;LOW;2026-10-01;BIM_READY;
LOT_FP|OBJ_00262;OBJ_00262;LOT_FP|BAT_01|N3|FAUX PLAFOND BA13;LOT_FP;default;BAT_01;N3;Faux plafond BA13;16.0;m²;18000.0;288000.0;288000.0;15048.0;240768.0;288000.0;47232.0;IMPORT;240768.0;47232.0;IMPORT;OK;PROJ_001;BAT_01;N3;B301;CHAMBRE_2;LOT_FP;FP_BA13;OBJ_00262;FP-001;IfcCovering;IFC_00262;14000.0;224000.0;IMPORT;SP2I Procurement;NON_COMMENCE;DQE_VALIDATED;LOW;2026-10-01;BIM_READY;
LOT_PNT|OBJ_00263;OBJ_00263;LOT_PNT|BAT_01|N3|PEINTURE SATINÉE MURS;LOT_PNT;peinture;BAT_01;N3;Peinture satinée murs;16.0;m²;6500.0;104000.0;104000.0;5434.0;86944.0;104000.0;17056.0;IMPORT;86944.0;17056.0;IMPORT;OK;PROJ_001;BAT_01;N3;B301;CHAMBRE_2;LOT_PNT;PNT_MUR;OBJ_00263;PNT-001;IfcCovering;IFC_00263;5000.0;80000.0;IMPORT;SP2I Procurement;NON_COMMENCE;DQE_VALIDATED;LOW;2026-10-01;BIM_READY;
LOT_CVC|OBJ_00264;OBJ_00264;LOT_CVC|BAT_01|N3|SPLIT MURAL;LOT_CVC;default;BAT_01;N3;Split mural;1.0;u;450000.0;450000.0;450000.0;376200.0;376200.0;450000.0;73800.0;IMPORT;376200.0;73800.0;IMPORT;OK;PROJ_001;BAT_01;N3;B301;CHAMBRE_2;LOT_CVC;CVC_UI;OBJ_00264;CVC-UI-001;IfcUnitaryEquipment;IFC_00264;320000.0;320000.0;IMPORT;SP2I Procurement;NON_COMMENCE;DQE_VALIDATED;LOW;2026-10-01;BIM_READY;
LOT_ELEC|OBJ_00265;OBJ_00265;LOT_ELEC|BAT_01|N3|SPOT LED ENCASTRÉ;LOT_ELEC;default;BAT_01;N3;Spot LED encastré;8.0;u;15000.0;120000.0;120000.0;12540.0;100320.0;120000.0;19680.0;IMPORT;100320.0;19680.0;IMPORT;OK;PROJ_001;BAT_01;N3;B301;CHAMBRE_3;LOT_ELEC;ELEC_EN;OBJ_00265;ELEC-EN-001;IfcLightFixture;IFC_00265;12000.0;96000.0;IMPORT;SP2I Procurement;NON_COMMENCE;DQE_VALIDATED;LOW;2026-10-01;BIM_READY;
LOT_ELEC|OBJ_00266;OBJ_00266;LOT_ELEC|BAT_01|N3|PRISE 2P+T;LOT_ELEC;default;BAT_01;N3;Prise 2P+T;6.0;u;12000.0;72000.0;72000.0;10032.0;60192.0;72000.0;11808.0;IMPORT;60192.0;11808.0;IMPORT;OK;PROJ_001;BAT_01;N3;B301;CHAMBRE_3;LOT_ELEC;ELEC_PC;OBJ_00266;ELEC-PC-001;IfcOutlet;IFC_00266;9000.0;54000.0;IMPORT;SP2I Procurement;NON_COMMENCE;DQE_VALIDATED;LOW;2026-10-01;BIM_READY;
LOT_CAR|OBJ_00267;OBJ_00267;LOT_CAR|BAT_01|N3|CARRELAGE 120X120;LOT_CAR;default;BAT_01;N3;Carrelage 120x120;18.0;m²;28000.0;504000.0;504000.0;23408.0;421344.0;504000.0;82656.0;IMPORT;421344.0;82656.0;IMPORT;OK;PROJ_001;BAT_01;N3;B301;CHAMBRE_3;LOT_CAR;CAR_SOL;OBJ_00267;CAR-120-001;IfcCovering;IFC_00267;19000.0;342000.0;IMPORT;SP2I Procurement;NON_COMMENCE;DQE_VALIDATED;LOW;2026-10-01;BIM_READY;
LOT_FP|OBJ_00268;OBJ_00268;LOT_FP|BAT_01|N3|FAUX PLAFOND BA13;LOT_FP;default;BAT_01;N3;Faux plafond BA13;18.0;m²;18000.0;324000.0;324000.0;15048.0;270864.0;324000.0;53136.0;IMPORT;270864.0;53136.0;IMPORT;OK;PROJ_001;BAT_01;N3;B301;CHAMBRE_3;LOT_FP;FP_BA13;OBJ_00268;FP-001;IfcCovering;IFC_00268;14000.0;252000.0;IMPORT;SP2I Procurement;NON_COMMENCE;DQE_VALIDATED;LOW;2026-10-01;BIM_READY;
LOT_PNT|OBJ_00269;OBJ_00269;LOT_PNT|BAT_01|N3|PEINTURE SATINÉE MURS;LOT_PNT;peinture;BAT_01;N3;Peinture satinée murs;18.0;m²;6500.0;117000.0;117000.0;5434.0;97812.0;117000.0;19188.0;IMPORT;97812.0;19188.0;IMPORT;OK;PROJ_001;BAT_01;N3;B301;CHAMBRE_3;LOT_PNT;PNT_MUR;OBJ_00269;PNT-001;IfcCovering;IFC_00269;5000.0;90000.0;IMPORT;SP2I Procurement;NON_COMMENCE;DQE_VALIDATED;LOW;2026-10-01;BIM_READY;
LOT_CVC|OBJ_00270;OBJ_00270;LOT_CVC|BAT_01|N3|SPLIT MURAL;LOT_CVC;default;BAT_01;N3;Split mural;1.0;u;450000.0;450000.0;450000.0;376200.0;376200.0;450000.0;73800.0;IMPORT;376200.0;73800.0;IMPORT;OK;PROJ_001;BAT_01;N3;B301;CHAMBRE_3;LOT_CVC;CVC_UI;OBJ_00270;CVC-UI-001;IfcUnitaryEquipment;IFC_00270;320000.0;320000.0;IMPORT;SP2I Procurement;NON_COMMENCE;DQE_VALIDATED;LOW;2026-10-01;BIM_READY;
LOT_ELEC|OBJ_00271;OBJ_00271;LOT_ELEC|BAT_01|N3|SPOT LED ENCASTRÉ;LOT_ELEC;default;BAT_01;N3;Spot LED encastré;8.0;u;15000.0;120000.0;120000.0;12540.0;100320.0;120000.0;19680.0;IMPORT;100320.0;19680.0;IMPORT;OK;PROJ_001;BAT_01;N3;B301;SDB_PARENTALE;LOT_ELEC;ELEC_EN;OBJ_00271;ELEC-EN-001;IfcLightFixture;IFC_00271;12000.0;96000.0;IMPORT;SP2I Procurement;NON_COMMENCE;DQE_VALIDATED;LOW;2026-10-01;BIM_READY;
LOT_ELEC|OBJ_00272;OBJ_00272;LOT_ELEC|BAT_01|N3|PRISE 2P+T;LOT_ELEC;default;BAT_01;N3;Prise 2P+T;6.0;u;12000.0;72000.0;72000.0;10032.0;60192.0;72000.0;11808.0;IMPORT;60192.0;11808.0;IMPORT;OK;PROJ_001;BAT_01;N3;B301;SDB_PARENTALE;LOT_ELEC;ELEC_PC;OBJ_00272;ELEC-PC-001;IfcOutlet;IFC_00272;9000.0;54000.0;IMPORT;SP2I Procurement;NON_COMMENCE;DQE_VALIDATED;LOW;2026-10-01;BIM_READY;
LOT_CAR|OBJ_00273;OBJ_00273;LOT_CAR|BAT_01|N3|CARRELAGE 120X120;LOT_CAR;default;BAT_01;N3;Carrelage 120x120;8.0;m²;28000.0;224000.0;224000.0;23408.0;187264.0;224000.0;36736.0;IMPORT;187264.0;36736.0;IMPORT;OK;PROJ_001;BAT_01;N3;B301;SDB_PARENTALE;LOT_CAR;CAR_SOL;OBJ_00273;CAR-120-001;IfcCovering;IFC_00273;19000.0;152000.0;IMPORT;SP2I Procurement;NON_COMMENCE;DQE_VALIDATED;LOW;2026-10-01;BIM_READY;
LOT_FP|OBJ_00274;OBJ_00274;LOT_FP|BAT_01|N3|FAUX PLAFOND BA13;LOT_FP;default;BAT_01;N3;Faux plafond BA13;8.0;m²;18000.0;144000.0;144000.0;15048.0;120384.0;144000.0;23616.0;IMPORT;120384.0;23616.0;IMPORT;OK;PROJ_001;BAT_01;N3;B301;SDB_PARENTALE;LOT_FP;FP_BA13;OBJ_00274;FP-001;IfcCovering;IFC_00274;14000.0;112000.0;IMPORT;SP2I Procurement;NON_COMMENCE;DQE_VALIDATED;LOW;2026-10-01;BIM_READY;
LOT_PNT|OBJ_00275;OBJ_00275;LOT_PNT|BAT_01|N3|PEINTURE SATINÉE MURS;LOT_PNT;peinture;BAT_01;N3;Peinture satinée murs;8.0;m²;6500.0;52000.0;52000.0;5434.0;43472.0;52000.0;8528.0;IMPORT;43472.0;8528.0;IMPORT;OK;PROJ_001;BAT_01;N3;B301;SDB_PARENTALE;LOT_PNT;PNT_MUR;OBJ_00275;PNT-001;IfcCovering;IFC_00275;5000.0;40000.0;IMPORT;SP2I Procurement;NON_COMMENCE;DQE_VALIDATED;LOW;2026-10-01;BIM_READY;
LOT_CVC|OBJ_00276;OBJ_00276;LOT_CVC|BAT_01|N3|SPLIT MURAL;LOT_CVC;default;BAT_01;N3;Split mural;1.0;u;450000.0;450000.0;450000.0;376200.0;376200.0;450000.0;73800.0;IMPORT;376200.0;73800.0;IMPORT;OK;PROJ_001;BAT_01;N3;B301;SDB_PARENTALE;LOT_CVC;CVC_UI;OBJ_00276;CVC-UI-001;IfcUnitaryEquipment;IFC_00276;320000.0;320000.0;IMPORT;SP2I Procurement;NON_COMMENCE;DQE_VALIDATED;LOW;2026-10-01;BIM_READY;
LOT_ELEC|OBJ_00277;OBJ_00277;LOT_ELEC|BAT_01|N3|SPOT LED ENCASTRÉ;LOT_ELEC;default;BAT_01;N3;Spot LED encastré;8.0;u;15000.0;120000.0;120000.0;12540.0;100320.0;120000.0;19680.0;IMPORT;100320.0;19680.0;IMPORT;OK;PROJ_001;BAT_01;N3;B301;SDB_2;LOT_ELEC;ELEC_EN;OBJ_00277;ELEC-EN-001;IfcLightFixture;IFC_00277;12000.0;96000.0;IMPORT;SP2I Procurement;NON_COMMENCE;DQE_VALIDATED;LOW;2026-10-01;BIM_READY;
LOT_ELEC|OBJ_00278;OBJ_00278;LOT_ELEC|BAT_01|N3|PRISE 2P+T;LOT_ELEC;default;BAT_01;N3;Prise 2P+T;6.0;u;12000.0;72000.0;72000.0;10032.0;60192.0;72000.0;11808.0;IMPORT;60192.0;11808.0;IMPORT;OK;PROJ_001;BAT_01;N3;B301;SDB_2;LOT_ELEC;ELEC_PC;OBJ_00278;ELEC-PC-001;IfcOutlet;IFC_00278;9000.0;54000.0;IMPORT;SP2I Procurement;NON_COMMENCE;DQE_VALIDATED;LOW;2026-10-01;BIM_READY;
LOT_CAR|OBJ_00279;OBJ_00279;LOT_CAR|BAT_01|N3|CARRELAGE 120X120;LOT_CAR;default;BAT_01;N3;Carrelage 120x120;4.2;m²;28000.0;117600.0;117600.0;23408.0;98313.6;117600.0;19286.4;IMPORT;98313.6;19286.4;IMPORT;OK;PROJ_001;BAT_01;N3;B301;SDB_2;LOT_CAR;CAR_SOL;OBJ_00279;CAR-120-001;IfcCovering;IFC_00279;19000.0;79800.0;IMPORT;SP2I Procurement;NON_COMMENCE;DQE_VALIDATED;LOW;2026-10-01;BIM_READY;
LOT_FP|OBJ_00280;OBJ_00280;LOT_FP|BAT_01|N3|FAUX PLAFOND BA13;LOT_FP;default;BAT_01;N3;Faux plafond BA13;4.2;m²;18000.0;75600.0;75600.0;15048.0;63201.6;75600.0;12398.4;IMPORT;63201.6;12398.4;IMPORT;OK;PROJ_001;BAT_01;N3;B301;SDB_2;LOT_FP;FP_BA13;OBJ_00280;FP-001;IfcCovering;IFC_00280;14000.0;58800.0;IMPORT;SP2I Procurement;NON_COMMENCE;DQE_VALIDATED;LOW;2026-10-01;BIM_READY;
LOT_PNT|OBJ_00281;OBJ_00281;LOT_PNT|BAT_01|N3|PEINTURE SATINÉE MURS;LOT_PNT;peinture;BAT_01;N3;Peinture satinée murs;4.2;m²;6500.0;27300.0;27300.0;5434.0;22822.8;27300.0;4477.2;IMPORT;22822.8;4477.2;IMPORT;OK;PROJ_001;BAT_01;N3;B301;SDB_2;LOT_PNT;PNT_MUR;OBJ_00281;PNT-001;IfcCovering;IFC_00281;5000.0;21000.0;IMPORT;SP2I Procurement;NON_COMMENCE;DQE_VALIDATED;LOW;2026-10-01;BIM_READY;
LOT_CVC|OBJ_00282;OBJ_00282;LOT_CVC|BAT_01|N3|SPLIT MURAL;LOT_CVC;default;BAT_01;N3;Split mural;1.0;u;450000.0;450000.0;450000.0;376200.0;376200.0;450000.0;73800.0;IMPORT;376200.0;73800.0;IMPORT;OK;PROJ_001;BAT_01;N3;B301;SDB_2;LOT_CVC;CVC_UI;OBJ_00282;CVC-UI-001;IfcUnitaryEquipment;IFC_00282;320000.0;320000.0;IMPORT;SP2I Procurement;NON_COMMENCE;DQE_VALIDATED;LOW;2026-10-01;BIM_READY;
LOT_ELEC|OBJ_00283;OBJ_00283;LOT_ELEC|BAT_01|N3|SPOT LED ENCASTRÉ;LOT_ELEC;default;BAT_01;N3;Spot LED encastré;8.0;u;15000.0;120000.0;120000.0;12540.0;100320.0;120000.0;19680.0;IMPORT;100320.0;19680.0;IMPORT;OK;PROJ_001;BAT_01;N3;B301;BALCON;LOT_ELEC;ELEC_EN;OBJ_00283;ELEC-EN-001;IfcLightFixture;IFC_00283;12000.0;96000.0;IMPORT;SP2I Procurement;NON_COMMENCE;DQE_VALIDATED;LOW;2026-10-01;BIM_READY;
LOT_ELEC|OBJ_00284;OBJ_00284;LOT_ELEC|BAT_01|N3|PRISE 2P+T;LOT_ELEC;default;BAT_01;N3;Prise 2P+T;6.0;u;12000.0;72000.0;72000.0;10032.0;60192.0;72000.0;11808.0;IMPORT;60192.0;11808.0;IMPORT;OK;PROJ_001;BAT_01;N3;B301;BALCON;LOT_ELEC;ELEC_PC;OBJ_00284;ELEC-PC-001;IfcOutlet;IFC_00284;9000.0;54000.0;IMPORT;SP2I Procurement;NON_COMMENCE;DQE_VALIDATED;LOW;2026-10-01;BIM_READY;
LOT_CAR|OBJ_00285;OBJ_00285;LOT_CAR|BAT_01|N3|CARRELAGE 120X120;LOT_CAR;default;BAT_01;N3;Carrelage 120x120;22.0;m²;28000.0;616000.0;616000.0;23408.0;514976.0;616000.0;101024.0;IMPORT;514976.0;101024.0;IMPORT;OK;PROJ_001;BAT_01;N3;B301;BALCON;LOT_CAR;CAR_SOL;OBJ_00285;CAR-120-001;IfcCovering;IFC_00285;19000.0;418000.0;IMPORT;SP2I Procurement;NON_COMMENCE;DQE_VALIDATED;LOW;2026-10-01;BIM_READY;
LOT_FP|OBJ_00286;OBJ_00286;LOT_FP|BAT_01|N3|FAUX PLAFOND BA13;LOT_FP;default;BAT_01;N3;Faux plafond BA13;22.0;m²;18000.0;396000.0;396000.0;15048.0;331056.0;396000.0;64944.0;IMPORT;331056.0;64944.0;IMPORT;OK;PROJ_001;BAT_01;N3;B301;BALCON;LOT_FP;FP_BA13;OBJ_00286;FP-001;IfcCovering;IFC_00286;14000.0;308000.0;IMPORT;SP2I Procurement;NON_COMMENCE;DQE_VALIDATED;LOW;2026-10-01;BIM_READY;
LOT_PNT|OBJ_00287;OBJ_00287;LOT_PNT|BAT_01|N3|PEINTURE SATINÉE MURS;LOT_PNT;peinture;BAT_01;N3;Peinture satinée murs;22.0;m²;6500.0;143000.0;143000.0;5434.0;119548.0;143000.0;23452.0;IMPORT;119548.0;23452.0;IMPORT;OK;PROJ_001;BAT_01;N3;B301;BALCON;LOT_PNT;PNT_MUR;OBJ_00287;PNT-001;IfcCovering;IFC_00287;5000.0;110000.0;IMPORT;SP2I Procurement;NON_COMMENCE;DQE_VALIDATED;LOW;2026-10-01;BIM_READY;
LOT_CVC|OBJ_00288;OBJ_00288;LOT_CVC|BAT_01|N3|SPLIT MURAL;LOT_CVC;default;BAT_01;N3;Split mural;1.0;u;450000.0;450000.0;450000.0;376200.0;376200.0;450000.0;73800.0;IMPORT;376200.0;73800.0;IMPORT;OK;PROJ_001;BAT_01;N3;B301;BALCON;LOT_CVC;CVC_UI;OBJ_00288;CVC-UI-001;IfcUnitaryEquipment;IFC_00288;320000.0;320000.0;IMPORT;SP2I Procurement;NON_COMMENCE;DQE_VALIDATED;LOW;2026-10-01;BIM_READY;
LOT_TOIT|OBJ_TOIT_001;OBJ_TOIT_001;LOT_TOIT|BAT_01|TOITURE|ACIER;LOT_TOIT;gros_oeuvre;BAT_01;TOITURE;Bac acier isolé;550.0;m²;42000.0;23100000.0;23100000.0;38623.2;21242760.0;23100000.0;1857240.0;IMPORT;21242760.0;1857240.0;IMPORT;OK;PROJ_001;BAT_01;TOITURE;COMMUN;TOITURE;LOT_TOIT;TOIT_BAC;OBJ_TOIT_001;TOIT-001;IfcRoof;IFC_TOIT_001;32000.0;17600000.0;IMPORT;Arcelor;NON_COMMENCE;PROCUREMENT;HIGH;2026-11-01;BIM_READY;
LOT_SOL|OBJ_SOL_001;OBJ_SOL_001;LOT_SOL|BAT_01|TOITURE|PANNEAUX PHOTOVOLTAÏQUES;LOT_SOL;plomberie;BAT_01;TOITURE;Panneaux photovoltaïques;60.0;u;0.0;0.0;0.0;180000.0;10800000.0;0.0;0.0;LOCAL;0.0;0.0;LOCAL;PRIX_UNITAIRE_INVALIDE|PRIX_TOTAL_INVALIDE;PROJ_001;BAT_01;TOITURE;COMMUN;TOITURE;LOT_SOL;SOL_PV;OBJ_SOL_001;SOL-001;IfcElectricGenerator;IFC_SOL_001;180000.0;10800000.0;IMPORT;Huawei Solar;NON_COMMENCE;PROCUREMENT;HIGH;2026-11-10;BIM_READY;
