id_ligne;project_code;batiment_code;niveau_code;appartement_code;piece_code;lot_code;sous_lot_code;article_id;code_article;designation;designation_normalisee;quantite;unite;prix_unitaire_ht;prix_total_ht;lot;sous_lot;famille;batiment;niveau;appart;piece;type_zone;formule;bim_object_id;ifc_guid;type_objet;famille_bim;systeme;phase_chantier;classification;omniclass;uniclass;ifc_type;bim_object;pu_import;montant_import;decision;fournisseur;execution_status;workflow_status;risque;eta;bim_maturity;statut_ligne;cle_metier;categorie_achat
OBJ_00001;PROJ_001;BAT_01;N1;A101;SEJOUR;LOT_ELEC;ELEC_EN;OBJ_00001;ELEC-EN-001;Spot LED encastré;SPOT LED ENCASTRÉ;24.0;u;15000.0;360000.0;LOT_ELEC;ELEC_EN;default;BAT_01;N1;A101;SEJOUR;COMMUN_BATIMENT;Quantité forfaitaire;;IFC_00001;;;;;;;;;IfcLightFixture;12000.0;288000.0;IMPORT;SP2I Procurement;NON_COMMENCE;DQE_VALIDATED;LOW;2026-10-01;BIM_READY;OK;LOT_ELEC|BAT_01|N1|SPOT LED ENCASTRÉ;A_ANALYSER
OBJ_00002;PROJ_001;BAT_01;N1;A101;SEJOUR;LOT_ELEC;ELEC_PC;OBJ_00002;ELEC-PC-001;Prise 2P+T;PRISE 2P+T;18.0;u;12000.0;216000.0;LOT_ELEC;ELEC_PC;default;BAT_01;N1;A101;SEJOUR;COMMUN_BATIMENT;Quantité forfaitaire;;IFC_00002;;;;;;;;;IfcOutlet;9000.0;162000.0;IMPORT;SP2I Procurement;NON_COMMENCE;DQE_VALIDATED;LOW;2026-10-01;BIM_READY;OK;LOT_ELEC|BAT_01|N1|PRISE 2P+T;A_ANALYSER
OBJ_00003;PROJ_001;BAT_01;N1;A101;SEJOUR;LOT_CAR;CAR_SOL;OBJ_00003;CAR-120-001;Carrelage 120x120;CARRELAGE 120X120;70.0;m²;28000.0;1960000.0;LOT_CAR;CAR_SOL;default;BAT_01;N1;A101;SEJOUR;COMMUN_BATIMENT;10 x 7;;IFC_00003;;;;;;;;;IfcCovering;19000.0;1330000.0;IMPORT;SP2I Procurement;NON_COMMENCE;DQE_VALIDATED;LOW;2026-10-01;BIM_READY;OK;LOT_CAR|BAT_01|N1|CARRELAGE 120X120;A_ANALYSER
OBJ_00004;PROJ_001;BAT_01;N1;A101;SEJOUR;LOT_FP;FP_BA13;OBJ_00004;FP-001;Faux plafond BA13;FAUX PLAFOND BA13;70.0;m²;18000.0;1260000.0;LOT_FP;FP_BA13;default;BAT_01;N1;A101;SEJOUR;COMMUN_BATIMENT;10 x 7;;IFC_00004;;;;;;;;;IfcCovering;14000.0;980000.0;IMPORT;SP2I Procurement;NON_COMMENCE;DQE_VALIDATED;LOW;2026-10-01;BIM_READY;OK;LOT_FP|BAT_01|N1|FAUX PLAFOND BA13;A_ANALYSER
OBJ_00005;PROJ_001;BAT_01;N1;A101;SEJOUR;LOT_PNT;PNT_MUR;OBJ_00005;PNT-001;Peinture satinée murs;PEINTURE SATINÉE MURS;70.0;m²;6500.0;455000.0;LOT_PNT;PNT_MUR;peinture;BAT_01;N1;A101;SEJOUR;COMMUN_BATIMENT;10 x 7;;IFC_00005;;;;;;;;;IfcCovering;5000.0;350000.0;IMPORT;SP2I Procurement;NON_COMMENCE;DQE_VALIDATED;LOW;2026-10-01;BIM_READY;OK;LOT_PNT|BAT_01|N1|PEINTURE SATINÉE MURS;A_ANALYSER
OBJ_00006;PROJ_001;BAT_01;N1;A101;SEJOUR;LOT_CVC;CVC_UI;OBJ_00006;CVC-UI-001;Split mural;SPLIT MURAL;1.0;u;450000.0;450000.0;LOT_CVC;CVC_UI;default;BAT_01;N1;A101;SEJOUR;COMMUN_BATIMENT;Quantité forfaitaire;;IFC_00006;;;;;;;;;IfcUnitaryEquipment;320000.0;320000.0;IMPORT;SP2I Procurement;NON_COMMENCE;DQE_VALIDATED;LOW;2026-10-01;BIM_READY;OK;LOT_CVC|BAT_01|N1|SPLIT MURAL;A_ANALYSER
OBJ_00007;PROJ_001;BAT_01;N1;A101;CUISINE;LOT_ELEC;ELEC_EN;OBJ_00007;ELEC-EN-001;Spot LED encastré;SPOT LED ENCASTRÉ;8.0;u;15000.0;120000.0;LOT_ELEC;ELEC_EN;default;BAT_01;N1;A101;CUISINE;COMMUN_BATIMENT;Quantité forfaitaire;;IFC_00007;;;;;;;;;IfcLightFixture;12000.0;96000.0;IMPORT;SP2I Procurement;NON_COMMENCE;DQE_VALIDATED;LOW;2026-10-01;BIM_READY;OK;LOT_ELEC|BAT_01|N1|SPOT LED ENCASTRÉ;A_ANALYSER
OBJ_00008;PROJ_001;BAT_01;N1;A101;CUISINE;LOT_ELEC;ELEC_PC;OBJ_00008;ELEC-PC-001;Prise 2P+T;PRISE 2P+T;6.0;u;12000.0;72000.0;LOT_ELEC;ELEC_PC;default;BAT_01;N1;A101;CUISINE;COMMUN_BATIMENT;Quantité forfaitaire;;IFC_00008;;;;;;;;;IfcOutlet;9000.0;54000.0;IMPORT;SP2I Procurement;NON_COMMENCE;DQE_VALIDATED;LOW;2026-10-01;BIM_READY;OK;LOT_ELEC|BAT_01|N1|PRISE 2P+T;A_ANALYSER
OBJ_00009;PROJ_001;BAT_01;N1;A101;CUISINE;LOT_CAR;CAR_SOL;OBJ_00009;CAR-120-001;Carrelage 120x120;CARRELAGE 120X120;18.0;m²;28000.0;504000.0;LOT_CAR;CAR_SOL;default;BAT_01;N1;A101;CUISINE;COMMUN_BATIMENT;6 x 3;;IFC_00009;;;;;;;;;IfcCovering;19000.0;342000.0;IMPORT;SP2I Procurement;NON_COMMENCE;DQE_VALIDATED;LOW;2026-10-01;BIM_READY;OK;LOT_CAR|BAT_01|N1|CARRELAGE 120X120;A_ANALYSER
OBJ_00010;PROJ_001;BAT_01;N1;A101;CUISINE;LOT_FP;FP_BA13;OBJ_00010;FP-001;Faux plafond BA13;FAUX PLAFOND BA13;18.0;m²;18000.0;324000.0;LOT_FP;FP_BA13;default;BAT_01;N1;A101;CUISINE;COMMUN_BATIMENT;6 x 3;;IFC_00010;;;;;;;;;IfcCovering;14000.0;252000.0;IMPORT;SP2I Procurement;NON_COMMENCE;DQE_VALIDATED;LOW;2026-10-01;BIM_READY;OK;LOT_FP|BAT_01|N1|FAUX PLAFOND BA13;A_ANALYSER
OBJ_00011;PROJ_001;BAT_01;N1;A101;CUISINE;LOT_PNT;PNT_MUR;OBJ_00011;PNT-001;Peinture satinée murs;PEINTURE SATINÉE MURS;18.0;m²;6500.0;117000.0;LOT_PNT;PNT_MUR;peinture;BAT_01;N1;A101;CUISINE;COMMUN_BATIMENT;6 x 3;;IFC_00011;;;;;;;;;IfcCovering;5000.0;90000.0;IMPORT;SP2I Procurement;NON_COMMENCE;DQE_VALIDATED;LOW;2026-10-01;BIM_READY;OK;LOT_PNT|BAT_01|N1|PEINTURE SATINÉE MURS;A_ANALYSER
OBJ_00012;PROJ_001;BAT_01;N1;A101;CUISINE;LOT_CVC;CVC_UI;OBJ_00012;CVC-UI-001;Split mural;SPLIT MURAL;1.0;u;450000.0;450000.0;LOT_CVC;CVC_UI;default;BAT_01;N1;A101;CUISINE;COMMUN_BATIMENT;Quantité forfaitaire;;IFC_00012;;;;;;;;;IfcUnitaryEquipment;320000.0;320000.0;IMPORT;SP2I Procurement;NON_COMMENCE;DQE_VALIDATED;LOW;2026-10-01;BIM_READY;OK;LOT_CVC|BAT_01|N1|SPLIT MURAL;A_ANALYSER
OBJ_00013;PROJ_001;BAT_01;N1;A101;CHAMBRE_1;LOT_ELEC;ELEC_EN;OBJ_00013;ELEC-EN-001;Spot LED encastré;SPOT LED ENCASTRÉ;8.0;u;15000.0;120000.0;LOT_ELEC;ELEC_EN;default;BAT_01;N1;A101;CHAMBRE_1;COMMUN_BATIMENT;Quantité forfaitaire;;IFC_00013;;;;;;;;;IfcLightFixture;12000.0;96000.0;IMPORT;SP2I Procurement;NON_COMMENCE;DQE_VALIDATED;LOW;2026-10-01;BIM_READY;OK;LOT_ELEC|BAT_01|N1|SPOT LED ENCASTRÉ;A_ANALYSER
OBJ_00014;PROJ_001;BAT_01;N1;A101;CHAMBRE_1;LOT_ELEC;ELEC_PC;OBJ_00014;ELEC-PC-001;Prise 2P+T;PRISE 2P+T;6.0;u;12000.0;72000.0;LOT_ELEC;ELEC_PC;default;BAT_01;N1;A101;CHAMBRE_1;COMMUN_BATIMENT;Quantité forfaitaire;;IFC_00014;;;;;;;;;IfcOutlet;9000.0;54000.0;IMPORT;SP2I Procurement;NON_COMMENCE;DQE_VALIDATED;LOW;2026-10-01;BIM_READY;OK;LOT_ELEC|BAT_01|N1|PRISE 2P+T;A_ANALYSER
OBJ_00015;PROJ_001;BAT_01;N1;A101;CHAMBRE_1;LOT_CAR;CAR_SOL;OBJ_00015;CAR-120-001;Carrelage 120x120;CARRELAGE 120X120;27.0;m²;28000.0;756000.0;LOT_CAR;CAR_SOL;default;BAT_01;N1;A101;CHAMBRE_1;COMMUN_BATIMENT;6 x 4.5;;IFC_00015;;;;;;;;;IfcCovering;19000.0;513000.0;IMPORT;SP2I Procurement;NON_COMMENCE;DQE_VALIDATED;LOW;2026-10-01;BIM_READY;OK;LOT_CAR|BAT_01|N1|CARRELAGE 120X120;A_ANALYSER
OBJ_00016;PROJ_001;BAT_01;N1;A101;CHAMBRE_1;LOT_FP;FP_BA13;OBJ_00016;FP-001;Faux plafond BA13;FAUX PLAFOND BA13;27.0;m²;18000.0;486000.0;LOT_FP;FP_BA13;default;BAT_01;N1;A101;CHAMBRE_1;COMMUN_BATIMENT;6 x 4.5;;IFC_00016;;;;;;;;;IfcCovering;14000.0;378000.0;IMPORT;SP2I Procurement;NON_COMMENCE;DQE_VALIDATED;LOW;2026-10-01;BIM_READY;OK;LOT_FP|BAT_01|N1|FAUX PLAFOND BA13;A_ANALYSER
OBJ_00017;PROJ_001;BAT_01;N1;A101;CHAMBRE_1;LOT_PNT;PNT_MUR;OBJ_00017;PNT-001;Peinture satinée murs;PEINTURE SATINÉE MURS;27.0;m²;6500.0;175500.0;LOT_PNT;PNT_MUR;peinture;BAT_01;N1;A101;CHAMBRE_1;COMMUN_BATIMENT;6 x 4.5;;IFC_00017;;;;;;;;;IfcCovering;5000.0;135000.0;IMPORT;SP2I Procurement;NON_COMMENCE;DQE_VALIDATED;LOW;2026-10-01;BIM_READY;OK;LOT_PNT|BAT_01|N1|PEINTURE SATINÉE MURS;A_ANALYSER
OBJ_00018;PROJ_001;BAT_01;N1;A101;CHAMBRE_1;LOT_CVC;CVC_UI;OBJ_00018;CVC-UI-001;Split mural;SPLIT MURAL;1.0;u;450000.0;450000.0;LOT_CVC;CVC_UI;default;BAT_01;N1;A101;CHAMBRE_1;COMMUN_BATIMENT;Quantité forfaitaire;;IFC_00018;;;;;;;;;IfcUnitaryEquipment;320000.0;320000.0;IMPORT;SP2I Procurement;NON_COMMENCE;DQE_VALIDATED;LOW;2026-10-01;BIM_READY;OK;LOT_CVC|BAT_01|N1|SPLIT MURAL;A_ANALYSER
OBJ_00019;PROJ_001;BAT_01;N1;A101;CHAMBRE_2;LOT_ELEC;ELEC_EN;OBJ_00019;ELEC-EN-001;Spot LED encastré;SPOT LED ENCASTRÉ;8.0;u;15000.0;120000.0;LOT_ELEC;ELEC_EN;default;BAT_01;N1;A101;CHAMBRE_2;COMMUN_BATIMENT;Quantité forfaitaire;;IFC_00019;;;;;;;;;IfcLightFixture;12000.0;96000.0;IMPORT;SP2I Procurement;NON_COMMENCE;DQE_VALIDATED;LOW;2026-10-01;BIM_READY;OK;LOT_ELEC|BAT_01|N1|SPOT LED ENCASTRÉ;A_ANALYSER
OBJ_00020;PROJ_001;BAT_01;N1;A101;CHAMBRE_2;LOT_ELEC;ELEC_PC;OBJ_00020;ELEC-PC-001;Prise 2P+T;PRISE 2P+T;6.0;u;12000.0;72000.0;LOT_ELEC;ELEC_PC;default;BAT_01;N1;A101;CHAMBRE_2;COMMUN_BATIMENT;Quantité forfaitaire;;IFC_00020;;;;;;;;;IfcOutlet;9000.0;54000.0;IMPORT;SP2I Procurement;NON_COMMENCE;DQE_VALIDATED;LOW;2026-10-01;BIM_READY;OK;LOT_ELEC|BAT_01|N1|PRISE 2P+T;A_ANALYSER
OBJ_00021;PROJ_001;BAT_01;N1;A101;CHAMBRE_2;LOT_CAR;CAR_SOL;OBJ_00021;CAR-120-001;Carrelage 120x120;CARRELAGE 120X120;16.0;m²;28000.0;448000.0;LOT_CAR;CAR_SOL;default;BAT_01;N1;A101;CHAMBRE_2;COMMUN_BATIMENT;4 x 4;;IFC_00021;;;;;;;;;IfcCovering;19000.0;304000.0;IMPORT;SP2I Procurement;NON_COMMENCE;DQE_VALIDATED;LOW;2026-10-01;BIM_READY;OK;LOT_CAR|BAT_01|N1|CARRELAGE 120X120;A_ANALYSER
OBJ_00022;PROJ_001;BAT_01;N1;A101;CHAMBRE_2;LOT_FP;FP_BA13;OBJ_00022;FP-001;Faux plafond BA13;FAUX PLAFOND BA13;16.0;m²;18000.0;288000.0;LOT_FP;FP_BA13;default;BAT_01;N1;A101;CHAMBRE_2;COMMUN_BATIMENT;4 x 4;;IFC_00022;;;;;;;;;IfcCovering;14000.0;224000.0;IMPORT;SP2I Procurement;NON_COMMENCE;DQE_VALIDATED;LOW;2026-10-01;BIM_READY;OK;LOT_FP|BAT_01|N1|FAUX PLAFOND BA13;A_ANALYSER
OBJ_00023;PROJ_001;BAT_01;N1;A101;CHAMBRE_2;LOT_PNT;PNT_MUR;OBJ_00023;PNT-001;Peinture satinée murs;PEINTURE SATINÉE MURS;16.0;m²;6500.0;104000.0;LOT_PNT;PNT_MUR;peinture;BAT_01;N1;A101;CHAMBRE_2;COMMUN_BATIMENT;4 x 4;;IFC_00023;;;;;;;;;IfcCovering;5000.0;80000.0;IMPORT;SP2I Procurement;NON_COMMENCE;DQE_VALIDATED;LOW;2026-10-01;BIM_READY;OK;LOT_PNT|BAT_01|N1|PEINTURE SATINÉE MURS;A_ANALYSER
OBJ_00024;PROJ_001;BAT_01;N1;A101;CHAMBRE_2;LOT_CVC;CVC_UI;OBJ_00024;CVC-UI-001;Split mural;SPLIT MURAL;1.0;u;450000.0;450000.0;LOT_CVC;CVC_UI;default;BAT_01;N1;A101;CHAMBRE_2;COMMUN_BATIMENT;Quantité forfaitaire;;IFC_00024;;;;;;;;;IfcUnitaryEquipment;320000.0;320000.0;IMPORT;SP2I Procurement;NON_COMMENCE;DQE_VALIDATED;LOW;2026-10-01;BIM_READY;OK;LOT_CVC|BAT_01|N1|SPLIT MURAL;A_ANALYSER
OBJ_00025;PROJ_001;BAT_01;N1;A101;CHAMBRE_3;LOT_ELEC;ELEC_EN;OBJ_00025;ELEC-EN-001;Spot LED encastré;SPOT LED ENCASTRÉ;8.0;u;15000.0;120000.0;LOT_ELEC;ELEC_EN;default;BAT_01;N1;A101;CHAMBRE_3;COMMUN_BATIMENT;Quantité forfaitaire;;IFC_00025;;;;;;;;;IfcLightFixture;12000.0;96000.0;IMPORT;SP2I Procurement;NON_COMMENCE;DQE_VALIDATED;LOW;2026-10-01;BIM_READY;OK;LOT_ELEC|BAT_01|N1|SPOT LED ENCASTRÉ;A_ANALYSER
OBJ_00026;PROJ_001;BAT_01;N1;A101;CHAMBRE_3;LOT_ELEC;ELEC_PC;OBJ_00026;ELEC-PC-001;Prise 2P+T;PRISE 2P+T;6.0;u;12000.0;72000.0;LOT_ELEC;ELEC_PC;default;BAT_01;N1;A101;CHAMBRE_3;COMMUN_BATIMENT;Quantité forfaitaire;;IFC_00026;;;;;;;;;IfcOutlet;9000.0;54000.0;IMPORT;SP2I Procurement;NON_COMMENCE;DQE_VALIDATED;LOW;2026-10-01;BIM_READY;OK;LOT_ELEC|BAT_01|N1|PRISE 2P+T;A_ANALYSER
OBJ_00027;PROJ_001;BAT_01;N1;A101;CHAMBRE_3;LOT_CAR;CAR_SOL;OBJ_00027;CAR-120-001;Carrelage 120x120;CARRELAGE 120X120;18.0;m²;28000.0;504000.0;LOT_CAR;CAR_SOL;default;BAT_01;N1;A101;CHAMBRE_3;COMMUN_BATIMENT;4.5 x 4;;IFC_00027;;;;;;;;;IfcCovering;19000.0;342000.0;IMPORT;SP2I Procurement;NON_COMMENCE;DQE_VALIDATED;LOW;2026-10-01;BIM_READY;OK;LOT_CAR|BAT_01|N1|CARRELAGE 120X120;A_ANALYSER
OBJ_00028;PROJ_001;BAT_01;N1;A101;CHAMBRE_3;LOT_FP;FP_BA13;OBJ_00028;FP-001;Faux plafond BA13;FAUX PLAFOND BA13;18.0;m²;18000.0;324000.0;LOT_FP;FP_BA13;default;BAT_01;N1;A101;CHAMBRE_3;COMMUN_BATIMENT;4.5 x 4;;IFC_00028;;;;;;;;;IfcCovering;14000.0;252000.0;IMPORT;SP2I Procurement;NON_COMMENCE;DQE_VALIDATED;LOW;2026-10-01;BIM_READY;OK;LOT_FP|BAT_01|N1|FAUX PLAFOND BA13;A_ANALYSER
OBJ_00029;PROJ_001;BAT_01;N1;A101;CHAMBRE_3;LOT_PNT;PNT_MUR;OBJ_00029;PNT-001;Peinture satinée murs;PEINTURE SATINÉE MURS;18.0;m²;6500.0;117000.0;LOT_PNT;PNT_MUR;peinture;BAT_01;N1;A101;CHAMBRE_3;COMMUN_BATIMENT;4.5 x 4;;IFC_00029;;;;;;;;;IfcCovering;5000.0;90000.0;IMPORT;SP2I Procurement;NON_COMMENCE;DQE_VALIDATED;LOW;2026-10-01;BIM_READY;OK;LOT_PNT|BAT_01|N1|PEINTURE SATINÉE MURS;A_ANALYSER
OBJ_00030;PROJ_001;BAT_01;N1;A101;CHAMBRE_3;LOT_CVC;CVC_UI;OBJ_00030;CVC-UI-001;Split mural;SPLIT MURAL;1.0;u;450000.0;450000.0;LOT_CVC;CVC_UI;default;BAT_01;N1;A101;CHAMBRE_3;COMMUN_BATIMENT;Quantité forfaitaire;;IFC_00030;;;;;;;;;IfcUnitaryEquipment;320000.0;320000.0;IMPORT;SP2I Procurement;NON_COMMENCE;DQE_VALIDATED;LOW;2026-10-01;BIM_READY;OK;LOT_CVC|BAT_01|N1|SPLIT MURAL;A_ANALYSER
OBJ_00031;PROJ_001;BAT_01;N1;A101;SDB_PARENTALE;LOT_ELEC;ELEC_EN;OBJ_00031;ELEC-EN-001;Spot LED encastré;SPOT LED ENCASTRÉ;8.0;u;15000.0;120000.0;LOT_ELEC;ELEC_EN;default;BAT_01;N1;A101;SDB_PARENTALE;COMMUN_BATIMENT;Quantité forfaitaire;;IFC_00031;;;;;;;;;IfcLightFixture;12000.0;96000.0;IMPORT;SP2I Procurement;NON_COMMENCE;DQE_VALIDATED;LOW;2026-10-01;BIM_READY;OK;LOT_ELEC|BAT_01|N1|SPOT LED ENCASTRÉ;A_ANALYSER
OBJ_00032;PROJ_001;BAT_01;N1;A101;SDB_PARENTALE;LOT_ELEC;ELEC_PC;OBJ_00032;ELEC-PC-001;Prise 2P+T;PRISE 2P+T;6.0;u;12000.0;72000.0;LOT_ELEC;ELEC_PC;default;BAT_01;N1;A101;SDB_PARENTALE;COMMUN_BATIMENT;Quantité forfaitaire;;IFC_00032;;;;;;;;;IfcOutlet;9000.0;54000.0;IMPORT;SP2I Procurement;NON_COMMENCE;DQE_VALIDATED;LOW;2026-10-01;BIM_READY;OK;LOT_ELEC|BAT_01|N1|PRISE 2P+T;A_ANALYSER
OBJ_00033;PROJ_001;BAT_01;N1;A101;SDB_PARENTALE;LOT_CAR;CAR_SOL;OBJ_00033;CAR-120-001;Carrelage 120x120;CARRELAGE 120X120;8.0;m²;28000.0;224000.0;LOT_CAR;CAR_SOL;default;BAT_01;N1;A101;SDB_PARENTALE;COMMUN_BATIMENT;3 x 2.5;;IFC_00033;;;;;;;;;IfcCovering;19000.0;152000.0;IMPORT;SP2I Procurement;NON_COMMENCE;DQE_VALIDATED;LOW;2026-10-01;BIM_READY;OK;LOT_CAR|BAT_01|N1|CARRELAGE 120X120;A_ANALYSER
OBJ_00034;PROJ_001;BAT_01;N1;A101;SDB_PARENTALE;LOT_FP;FP_BA13;OBJ_00034;FP-001;Faux plafond BA13;FAUX PLAFOND BA13;8.0;m²;18000.0;144000.0;LOT_FP;FP_BA13;default;BAT_01;N1;A101;SDB_PARENTALE;COMMUN_BATIMENT;3 x 2.5;;IFC_00034;;;;;;;;;IfcCovering;14000.0;112000.0;IMPORT;SP2I Procurement;NON_COMMENCE;DQE_VALIDATED;LOW;2026-10-01;BIM_READY;OK;LOT_FP|BAT_01|N1|FAUX PLAFOND BA13;A_ANALYSER
OBJ_00035;PROJ_001;BAT_01;N1;A101;SDB_PARENTALE;LOT_PNT;PNT_MUR;OBJ_00035;PNT-001;Peinture satinée murs;PEINTURE SATINÉE MURS;8.0;m²;6500.0;52000.0;LOT_PNT;PNT_MUR;peinture;BAT_01;N1;A101;SDB_PARENTALE;COMMUN_BATIMENT;3 x 2.5;;IFC_00035;;;;;;;;;IfcCovering;5000.0;40000.0;IMPORT;SP2I Procurement;NON_COMMENCE;DQE_VALIDATED;LOW;2026-10-01;BIM_READY;OK;LOT_PNT|BAT_01|N1|PEINTURE SATINÉE MURS;A_ANALYSER
OBJ_00036;PROJ_001;BAT_01;N1;A101;SDB_PARENTALE;LOT_CVC;CVC_UI;OBJ_00036;CVC-UI-001;Split mural;SPLIT MURAL;1.0;u;450000.0;450000.0;LOT_CVC;CVC_UI;default;BAT_01;N1;A101;SDB_PARENTALE;COMMUN_BATIMENT;Quantité forfaitaire;;IFC_00036;;;;;;;;;IfcUnitaryEquipment;320000.0;320000.0;IMPORT;SP2I Procurement;NON_COMMENCE;DQE_VALIDATED;LOW;2026-10-01;BIM_READY;OK;LOT_CVC|BAT_01|N1|SPLIT MURAL;A_ANALYSER
OBJ_00037;PROJ_001;BAT_01;N1;A101;SDB_2;LOT_ELEC;ELEC_EN;OBJ_00037;ELEC-EN-001;Spot LED encastré;SPOT LED ENCASTRÉ;8.0;u;15000.0;120000.0;LOT_ELEC;ELEC_EN;default;BAT_01;N1;A101;SDB_2;COMMUN_BATIMENT;Quantité forfaitaire;;IFC_00037;;;;;;;;;IfcLightFixture;12000.0;96000.0;IMPORT;SP2I Procurement;NON_COMMENCE;DQE_VALIDATED;LOW;2026-10-01;BIM_READY;OK;LOT_ELEC|BAT_01|N1|SPOT LED ENCASTRÉ;A_ANALYSER
OBJ_00038;PROJ_001;BAT_01;N1;A101;SDB_2;LOT_ELEC;ELEC_PC;OBJ_00038;ELEC-PC-001;Prise 2P+T;PRISE 2P+T;6.0;u;12000.0;72000.0;LOT_ELEC;ELEC_PC;default;BAT_01;N1;A101;SDB_2;COMMUN_BATIMENT;Quantité forfaitaire;;IFC_00038;;;;;;;;;IfcOutlet;9000.0;54000.0;IMPORT;SP2I Procurement;NON_COMMENCE;DQE_VALIDATED;LOW;2026-10-01;BIM_READY;OK;LOT_ELEC|BAT_01|N1|PRISE 2P+T;A_ANALYSER
OBJ_00039;PROJ_001;BAT_01;N1;A101;SDB_2;LOT_CAR;CAR_SOL;OBJ_00039;CAR-120-001;Carrelage 120x120;CARRELAGE 120X120;4.2;m²;28000.0;117600.0;LOT_CAR;CAR_SOL;default;BAT_01;N1;A101;SDB_2;COMMUN_BATIMENT;2 x 2.1;;IFC_00039;;;;;;;;;IfcCovering;19000.0;79800.0;IMPORT;SP2I Procurement;NON_COMMENCE;DQE_VALIDATED;LOW;2026-10-01;BIM_READY;OK;LOT_CAR|BAT_01|N1|CARRELAGE 120X120;A_ANALYSER
OBJ_00040;PROJ_001;BAT_01;N1;A101;SDB_2;LOT_FP;FP_BA13;OBJ_00040;FP-001;Faux plafond BA13;FAUX PLAFOND BA13;4.2;m²;18000.0;75600.0;LOT_FP;FP_BA13;default;BAT_01;N1;A101;SDB_2;COMMUN_BATIMENT;2 x 2.1;;IFC_00040;;;;;;;;;IfcCovering;14000.0;58800.0;IMPORT;SP2I Procurement;NON_COMMENCE;DQE_VALIDATED;LOW;2026-10-01;BIM_READY;OK;LOT_FP|BAT_01|N1|FAUX PLAFOND BA13;A_ANALYSER
OBJ_00041;PROJ_001;BAT_01;N1;A101;SDB_2;LOT_PNT;PNT_MUR;OBJ_00041;PNT-001;Peinture satinée murs;PEINTURE SATINÉE MURS;4.2;m²;6500.0;27300.0;LOT_PNT;PNT_MUR;peinture;BAT_01;N1;A101;SDB_2;COMMUN_BATIMENT;2 x 2.1;;IFC_00041;;;;;;;;;IfcCovering;5000.0;21000.0;IMPORT;SP2I Procurement;NON_COMMENCE;DQE_VALIDATED;LOW;2026-10-01;BIM_READY;OK;LOT_PNT|BAT_01|N1|PEINTURE SATINÉE MURS;A_ANALYSER
OBJ_00042;PROJ_001;BAT_01;N1;A101;SDB_2;LOT_CVC;CVC_UI;OBJ_00042;CVC-UI-001;Split mural;SPLIT MURAL;1.0;u;450000.0;450000.0;LOT_CVC;CVC_UI;default;BAT_01;N1;A101;SDB_2;COMMUN_BATIMENT;Quantité forfaitaire;;IFC_00042;;;;;;;;;IfcUnitaryEquipment;320000.0;320000.0;IMPORT;SP2I Procurement;NON_COMMENCE;DQE_VALIDATED;LOW;2026-10-01;BIM_READY;OK;LOT_CVC|BAT_01|N1|SPLIT MURAL;A_ANALYSER
OBJ_00043;PROJ_001;BAT_01;N1;A101;BALCON;LOT_ELEC;ELEC_EN;OBJ_00043;ELEC-EN-001;Spot LED encastré;SPOT LED ENCASTRÉ;8.0;u;15000.0;120000.0;LOT_ELEC;ELEC_EN;default;BAT_01;N1;A101;BALCON;COMMUN_BATIMENT;Quantité forfaitaire;;IFC_00043;;;;;;;;;IfcLightFixture;12000.0;96000.0;IMPORT;SP2I Procurement;NON_COMMENCE;DQE_VALIDATED;LOW;2026-10-01;BIM_READY;OK;LOT_ELEC|BAT_01|N1|SPOT LED ENCASTRÉ;A_ANALYSER
OBJ_00044;PROJ_001;BAT_01;N1;A101;BALCON;LOT_ELEC;ELEC_PC;OBJ_00044;ELEC-PC-001;Prise 2P+T;PRISE 2P+T;6.0;u;12000.0;72000.0;LOT_ELEC;ELEC_PC;default;BAT_01;N1;A101;BALCON;COMMUN_BATIMENT;Quantité forfaitaire;;IFC_00044;;;;;;;;;IfcOutlet;9000.0;54000.0;IMPORT;SP2I Procurement;NON_COMMENCE;DQE_VALIDATED;LOW;2026-10-01;BIM_READY;OK;LOT_ELEC|BAT_01|N1|PRISE 2P+T;A_ANALYSER
OBJ_00045;PROJ_001;BAT_01;N1;A101;BALCON;LOT_CAR;CAR_SOL;OBJ_00045;CAR-120-001;Carrelage 120x120;CARRELAGE 120X120;22.0;m²;28000.0;616000.0;LOT_CAR;CAR_SOL;default;BAT_01;N1;A101;BALCON;COMMUN_BATIMENT;11 x 2;;IFC_00045;;;;;;;;;IfcCovering;19000.0;418000.0;IMPORT;SP2I Procurement;NON_COMMENCE;DQE_VALIDATED;LOW;2026-10-01;BIM_READY;OK;LOT_CAR|BAT_01|N1|CARRELAGE 120X120;A_ANALYSER
OBJ_00046;PROJ_001;BAT_01;N1;A101;BALCON;LOT_FP;FP_BA13;OBJ_00046;FP-001;Faux plafond BA13;FAUX PLAFOND BA13;22.0;m²;18000.0;396000.0;LOT_FP;FP_BA13;default;BAT_01;N1;A101;BALCON;COMMUN_BATIMENT;11 x 2;;IFC_00046;;;;;;;;;IfcCovering;14000.0;308000.0;IMPORT;SP2I Procurement;NON_COMMENCE;DQE_VALIDATED;LOW;2026-10-01;BIM_READY;OK;LOT_FP|BAT_01|N1|FAUX PLAFOND BA13;A_ANALYSER
OBJ_00047;PROJ_001;BAT_01;N1;A101;BALCON;LOT_PNT;PNT_MUR;OBJ_00047;PNT-001;Peinture satinée murs;PEINTURE SATINÉE MURS;22.0;m²;6500.0;143000.0;LOT_PNT;PNT_MUR;peinture;BAT_01;N1;A101;BALCON;COMMUN_BATIMENT;11 x 2;;IFC_00047;;;;;;;;;IfcCovering;5000.0;110000.0;IMPORT;SP2I Procurement;NON_COMMENCE;DQE_VALIDATED;LOW;2026-10-01;BIM_READY;OK;LOT_PNT|BAT_01|N1|PEINTURE SATINÉE MURS;A_ANALYSER
OBJ_00048;PROJ_001;BAT_01;N1;A101;BALCON;LOT_CVC;CVC_UI;OBJ_00048;CVC-UI-001;Split mural;SPLIT MURAL;1.0;u;450000.0;450000.0;LOT_CVC;CVC_UI;default;BAT_01;N1;A101;BALCON;COMMUN_BATIMENT;Quantité forfaitaire;;IFC_00048;;;;;;;;;IfcUnitaryEquipment;320000.0;320000.0;IMPORT;SP2I Procurement;NON_COMMENCE;DQE_VALIDATED;LOW;2026-10-01;BIM_READY;OK;LOT_CVC|BAT_01|N1|SPLIT MURAL;A_ANALYSER
OBJ_00049;PROJ_001;BAT_01;N1;B101;SEJOUR;LOT_ELEC;ELEC_EN;OBJ_00049;ELEC-EN-001;Spot LED encastré;SPOT LED ENCASTRÉ;24.0;u;15000.0;360000.0;LOT_ELEC;ELEC_EN;default;BAT_01;N1;B101;SEJOUR;COMMUN_BATIMENT;Quantité forfaitaire;;IFC_00049;;;;;;;;;IfcLightFixture;12000.0;288000.0;IMPORT;SP2I Procurement;NON_COMMENCE;DQE_VALIDATED;LOW;2026-10-01;BIM_READY;OK;LOT_ELEC|BAT_01|N1|SPOT LED ENCASTRÉ;A_ANALYSER
OBJ_00050;PROJ_001;BAT_01;N1;B101;SEJOUR;LOT_ELEC;ELEC_PC;OBJ_00050;ELEC-PC-001;Prise 2P+T;PRISE 2P+T;18.0;u;12000.0;216000.0;LOT_ELEC;ELEC_PC;default;BAT_01;N1;B101;SEJOUR;COMMUN_BATIMENT;Quantité forfaitaire;;IFC_00050;;;;;;;;;IfcOutlet;9000.0;162000.0;IMPORT;SP2I Procurement;NON_COMMENCE;DQE_VALIDATED;LOW;2026-10-01;BIM_READY;OK;LOT_ELEC|BAT_01|N1|PRISE 2P+T;A_ANALYSER
OBJ_00051;PROJ_001;BAT_01;N1;B101;SEJOUR;LOT_CAR;CAR_SOL;OBJ_00051;CAR-120-001;Carrelage 120x120;CARRELAGE 120X120;70.0;m²;28000.0;1960000.0;LOT_CAR;CAR_SOL;default;BAT_01;N1;B101;SEJOUR;COMMUN_BATIMENT;10 x 7;;IFC_00051;;;;;;;;;IfcCovering;19000.0;1330000.0;IMPORT;SP2I Procurement;NON_COMMENCE;DQE_VALIDATED;LOW;2026-10-01;BIM_READY;OK;LOT_CAR|BAT_01|N1|CARRELAGE 120X120;A_ANALYSER
OBJ_00052;PROJ_001;BAT_01;N1;B101;SEJOUR;LOT_FP;FP_BA13;OBJ_00052;FP-001;Faux plafond BA13;FAUX PLAFOND BA13;70.0;m²;18000.0;1260000.0;LOT_FP;FP_BA13;default;BAT_01;N1;B101;SEJOUR;COMMUN_BATIMENT;10 x 7;;IFC_00052;;;;;;;;;IfcCovering;14000.0;980000.0;IMPORT;SP2I Procurement;NON_COMMENCE;DQE_VALIDATED;LOW;2026-10-01;BIM_READY;OK;LOT_FP|BAT_01|N1|FAUX PLAFOND BA13;A_ANALYSER
OBJ_00053;PROJ_001;BAT_01;N1;B101;SEJOUR;LOT_PNT;PNT_MUR;OBJ_00053;PNT-001;Peinture satinée murs;PEINTURE SATINÉE MURS;70.0;m²;6500.0;455000.0;LOT_PNT;PNT_MUR;peinture;BAT_01;N1;B101;SEJOUR;COMMUN_BATIMENT;10 x 7;;IFC_00053;;;;;;;;;IfcCovering;5000.0;350000.0;IMPORT;SP2I Procurement;NON_COMMENCE;DQE_VALIDATED;LOW;2026-10-01;BIM_READY;OK;LOT_PNT|BAT_01|N1|PEINTURE SATINÉE MURS;A_ANALYSER
OBJ_00054;PROJ_001;BAT_01;N1;B101;SEJOUR;LOT_CVC;CVC_UI;OBJ_00054;CVC-UI-001;Split mural;SPLIT MURAL;1.0;u;450000.0;450000.0;LOT_CVC;CVC_UI;default;BAT_01;N1;B101;SEJOUR;COMMUN_BATIMENT;Quantité forfaitaire;;IFC_00054;;;;;;;;;IfcUnitaryEquipment;320000.0;320000.0;IMPORT;SP2I Procurement;NON_COMMENCE;DQE_VALIDATED;LOW;2026-10-01;BIM_READY;OK;LOT_CVC|BAT_01|N1|SPLIT MURAL;A_ANALYSER
OBJ_00055;PROJ_001;BAT_01;N1;B101;CUISINE;LOT_ELEC;ELEC_EN;OBJ_00055;ELEC-EN-001;Spot LED encastré;SPOT LED ENCASTRÉ;8.0;u;15000.0;120000.0;LOT_ELEC;ELEC_EN;default;BAT_01;N1;B101;CUISINE;COMMUN_BATIMENT;Quantité forfaitaire;;IFC_00055;;;;;;;;;IfcLightFixture;12000.0;96000.0;IMPORT;SP2I Procurement;NON_COMMENCE;DQE_VALIDATED;LOW;2026-10-01;BIM_READY;OK;LOT_ELEC|BAT_01|N1|SPOT LED ENCASTRÉ;A_ANALYSER
OBJ_00056;PROJ_001;BAT_01;N1;B101;CUISINE;LOT_ELEC;ELEC_PC;OBJ_00056;ELEC-PC-001;Prise 2P+T;PRISE 2P+T;6.0;u;12000.0;72000.0;LOT_ELEC;ELEC_PC;default;BAT_01;N1;B101;CUISINE;COMMUN_BATIMENT;Quantité forfaitaire;;IFC_00056;;;;;;;;;IfcOutlet;9000.0;54000.0;IMPORT;SP2I Procurement;NON_COMMENCE;DQE_VALIDATED;LOW;2026-10-01;BIM_READY;OK;LOT_ELEC|BAT_01|N1|PRISE 2P+T;A_ANALYSER
OBJ_00057;PROJ_001;BAT_01;N1;B101;CUISINE;LOT_CAR;CAR_SOL;OBJ_00057;CAR-120-001;Carrelage 120x120;CARRELAGE 120X120;18.0;m²;28000.0;504000.0;LOT_CAR;CAR_SOL;default;BAT_01;N1;B101;CUISINE;COMMUN_BATIMENT;6 x 3;;IFC_00057;;;;;;;;;IfcCovering;19000.0;342000.0;IMPORT;SP2I Procurement;NON_COMMENCE;DQE_VALIDATED;LOW;2026-10-01;BIM_READY;OK;LOT_CAR|BAT_01|N1|CARRELAGE 120X120;A_ANALYSER
OBJ_00058;PROJ_001;BAT_01;N1;B101;CUISINE;LOT_FP;FP_BA13;OBJ_00058;FP-001;Faux plafond BA13;FAUX PLAFOND BA13;18.0;m²;18000.0;324000.0;LOT_FP;FP_BA13;default;BAT_01;N1;B101;CUISINE;COMMUN_BATIMENT;6 x 3;;IFC_00058;;;;;;;;;IfcCovering;14000.0;252000.0;IMPORT;SP2I Procurement;NON_COMMENCE;DQE_VALIDATED;LOW;2026-10-01;BIM_READY;OK;LOT_FP|BAT_01|N1|FAUX PLAFOND BA13;A_ANALYSER
OBJ_00059;PROJ_001;BAT_01;N1;B101;CUISINE;LOT_PNT;PNT_MUR;OBJ_00059;PNT-001;Peinture satinée murs;PEINTURE SATINÉE MURS;18.0;m²;6500.0;117000.0;LOT_PNT;PNT_MUR;peinture;BAT_01;N1;B101;CUISINE;COMMUN_BATIMENT;6 x 3;;IFC_00059;;;;;;;;;IfcCovering;5000.0;90000.0;IMPORT;SP2I Procurement;NON_COMMENCE;DQE_VALIDATED;LOW;2026-10-01;BIM_READY;OK;LOT_PNT|BAT_01|N1|PEINTURE SATINÉE MURS;A_ANALYSER
OBJ_00060;PROJ_001;BAT_01;N1;B101;CUISINE;LOT_CVC;CVC_UI;OBJ_00060;CVC-UI-001;Split mural;SPLIT MURAL;1.0;u;450000.0;450000.0;LOT_CVC;CVC_UI;default;BAT_01;N1;B101;CUISINE;COMMUN_BATIMENT;Quantité forfaitaire;;IFC_00060;;;;;;;;;IfcUnitaryEquipment;320000.0;320000.0;IMPORT;SP2I Procurement;NON_COMMENCE;DQE_VALIDATED;LOW;2026-10-01;BIM_READY;OK;LOT_CVC|BAT_01|N1|SPLIT MURAL;A_ANALYSER
OBJ_00061;PROJ_001;BAT_01;N1;B101;CHAMBRE_1;LOT_ELEC;ELEC_EN;OBJ_00061;ELEC-EN-001;Spot LED encastré;SPOT LED ENCASTRÉ;8.0;u;15000.0;120000.0;LOT_ELEC;ELEC_EN;default;BAT_01;N1;B101;CHAMBRE_1;COMMUN_BATIMENT;Quantité forfaitaire;;IFC_00061;;;;;;;;;IfcLightFixture;12000.0;96000.0;IMPORT;SP2I Procurement;NON_COMMENCE;DQE_VALIDATED;LOW;2026-10-01;BIM_READY;OK;LOT_ELEC|BAT_01|N1|SPOT LED ENCASTRÉ;A_ANALYSER
OBJ_00062;PROJ_001;BAT_01;N1;B101;CHAMBRE_1;LOT_ELEC;ELEC_PC;OBJ_00062;ELEC-PC-001;Prise 2P+T;PRISE 2P+T;6.0;u;12000.0;72000.0;LOT_ELEC;ELEC_PC;default;BAT_01;N1;B101;CHAMBRE_1;COMMUN_BATIMENT;Quantité forfaitaire;;IFC_00062;;;;;;;;;IfcOutlet;9000.0;54000.0;IMPORT;SP2I Procurement;NON_COMMENCE;DQE_VALIDATED;LOW;2026-10-01;BIM_READY;OK;LOT_ELEC|BAT_01|N1|PRISE 2P+T;A_ANALYSER
OBJ_00063;PROJ_001;BAT_01;N1;B101;CHAMBRE_1;LOT_CAR;CAR_SOL;OBJ_00063;CAR-120-001;Carrelage 120x120;CARRELAGE 120X120;27.0;m²;28000.0;756000.0;LOT_CAR;CAR_SOL;default;BAT_01;N1;B101;CHAMBRE_1;COMMUN_BATIMENT;6 x 4.5;;IFC_00063;;;;;;;;;IfcCovering;19000.0;513000.0;IMPORT;SP2I Procurement;NON_COMMENCE;DQE_VALIDATED;LOW;2026-10-01;BIM_READY;OK;LOT_CAR|BAT_01|N1|CARRELAGE 120X120;A_ANALYSER
OBJ_00064;PROJ_001;BAT_01;N1;B101;CHAMBRE_1;LOT_FP;FP_BA13;OBJ_00064;FP-001;Faux plafond BA13;FAUX PLAFOND BA13;27.0;m²;18000.0;486000.0;LOT_FP;FP_BA13;default;BAT_01;N1;B101;CHAMBRE_1;COMMUN_BATIMENT;6 x 4.5;;IFC_00064;;;;;;;;;IfcCovering;14000.0;378000.0;IMPORT;SP2I Procurement;NON_COMMENCE;DQE_VALIDATED;LOW;2026-10-01;BIM_READY;OK;LOT_FP|BAT_01|N1|FAUX PLAFOND BA13;A_ANALYSER
OBJ_00065;PROJ_001;BAT_01;N1;B101;CHAMBRE_1;LOT_PNT;PNT_MUR;OBJ_00065;PNT-001;Peinture satinée murs;PEINTURE SATINÉE MURS;27.0;m²;6500.0;175500.0;LOT_PNT;PNT_MUR;peinture;BAT_01;N1;B101;CHAMBRE_1;COMMUN_BATIMENT;6 x 4.5;;IFC_00065;;;;;;;;;IfcCovering;5000.0;135000.0;IMPORT;SP2I Procurement;NON_COMMENCE;DQE_VALIDATED;LOW;2026-10-01;BIM_READY;OK;LOT_PNT|BAT_01|N1|PEINTURE SATINÉE MURS;A_ANALYSER
OBJ_00066;PROJ_001;BAT_01;N1;B101;CHAMBRE_1;LOT_CVC;CVC_UI;OBJ_00066;CVC-UI-001;Split mural;SPLIT MURAL;1.0;u;450000.0;450000.0;LOT_CVC;CVC_UI;default;BAT_01;N1;B101;CHAMBRE_1;COMMUN_BATIMENT;Quantité forfaitaire;;IFC_00066;;;;;;;;;IfcUnitaryEquipment;320000.0;320000.0;IMPORT;SP2I Procurement;NON_COMMENCE;DQE_VALIDATED;LOW;2026-10-01;BIM_READY;OK;LOT_CVC|BAT_01|N1|SPLIT MURAL;A_ANALYSER
OBJ_00067;PROJ_001;BAT_01;N1;B101;CHAMBRE_2;LOT_ELEC;ELEC_EN;OBJ_00067;ELEC-EN-001;Spot LED encastré;SPOT LED ENCASTRÉ;8.0;u;15000.0;120000.0;LOT_ELEC;ELEC_EN;default;BAT_01;N1;B101;CHAMBRE_2;COMMUN_BATIMENT;Quantité forfaitaire;;IFC_00067;;;;;;;;;IfcLightFixture;12000.0;96000.0;IMPORT;SP2I Procurement;NON_COMMENCE;DQE_VALIDATED;LOW;2026-10-01;BIM_READY;OK;LOT_ELEC|BAT_01|N1|SPOT LED ENCASTRÉ;A_ANALYSER
OBJ_00068;PROJ_001;BAT_01;N1;B101;CHAMBRE_2;LOT_ELEC;ELEC_PC;OBJ_00068;ELEC-PC-001;Prise 2P+T;PRISE 2P+T;6.0;u;12000.0;72000.0;LOT_ELEC;ELEC_PC;default;BAT_01;N1;B101;CHAMBRE_2;COMMUN_BATIMENT;Quantité forfaitaire;;IFC_00068;;;;;;;;;IfcOutlet;9000.0;54000.0;IMPORT;SP2I Procurement;NON_COMMENCE;DQE_VALIDATED;LOW;2026-10-01;BIM_READY;OK;LOT_ELEC|BAT_01|N1|PRISE 2P+T;A_ANALYSER
OBJ_00069;PROJ_001;BAT_01;N1;B101;CHAMBRE_2;LOT_CAR;CAR_SOL;OBJ_00069;CAR-120-001;Carrelage 120x120;CARRELAGE 120X120;16.0;m²;28000.0;448000.0;LOT_CAR;CAR_SOL;default;BAT_01;N1;B101;CHAMBRE_2;COMMUN_BATIMENT;4 x 4;;IFC_00069;;;;;;;;;IfcCovering;19000.0;304000.0;IMPORT;SP2I Procurement;NON_COMMENCE;DQE_VALIDATED;LOW;2026-10-01;BIM_READY;OK;LOT_CAR|BAT_01|N1|CARRELAGE 120X120;A_ANALYSER
OBJ_00070;PROJ_001;BAT_01;N1;B101;CHAMBRE_2;LOT_FP;FP_BA13;OBJ_00070;FP-001;Faux plafond BA13;FAUX PLAFOND BA13;16.0;m²;18000.0;288000.0;LOT_FP;FP_BA13;default;BAT_01;N1;B101;CHAMBRE_2;COMMUN_BATIMENT;4 x 4;;IFC_00070;;;;;;;;;IfcCovering;14000.0;224000.0;IMPORT;SP2I Procurement;NON_COMMENCE;DQE_VALIDATED;LOW;2026-10-01;BIM_READY;OK;LOT_FP|BAT_01|N1|FAUX PLAFOND BA13;A_ANALYSER
OBJ_00071;PROJ_001;BAT_01;N1;B101;CHAMBRE_2;LOT_PNT;PNT_MUR;OBJ_00071;PNT-001;Peinture satinée murs;PEINTURE SATINÉE MURS;16.0;m²;6500.0;104000.0;LOT_PNT;PNT_MUR;peinture;BAT_01;N1;B101;CHAMBRE_2;COMMUN_BATIMENT;4 x 4;;IFC_00071;;;;;;;;;IfcCovering;5000.0;80000.0;IMPORT;SP2I Procurement;NON_COMMENCE;DQE_VALIDATED;LOW;2026-10-01;BIM_READY;OK;LOT_PNT|BAT_01|N1|PEINTURE SATINÉE MURS;A_ANALYSER
OBJ_00072;PROJ_001;BAT_01;N1;B101;CHAMBRE_2;LOT_CVC;CVC_UI;OBJ_00072;CVC-UI-001;Split mural;SPLIT MURAL;1.0;u;450000.0;450000.0;LOT_CVC;CVC_UI;default;BAT_01;N1;B101;CHAMBRE_2;COMMUN_BATIMENT;Quantité forfaitaire;;IFC_00072;;;;;;;;;IfcUnitaryEquipment;320000.0;320000.0;IMPORT;SP2I Procurement;NON_COMMENCE;DQE_VALIDATED;LOW;2026-10-01;BIM_READY;OK;LOT_CVC|BAT_01|N1|SPLIT MURAL;A_ANALYSER
OBJ_00073;PROJ_001;BAT_01;N1;B101;CHAMBRE_3;LOT_ELEC;ELEC_EN;OBJ_00073;ELEC-EN-001;Spot LED encastré;SPOT LED ENCASTRÉ;8.0;u;15000.0;120000.0;LOT_ELEC;ELEC_EN;default;BAT_01;N1;B101;CHAMBRE_3;COMMUN_BATIMENT;Quantité forfaitaire;;IFC_00073;;;;;;;;;IfcLightFixture;12000.0;96000.0;IMPORT;SP2I Procurement;NON_COMMENCE;DQE_VALIDATED;LOW;2026-10-01;BIM_READY;OK;LOT_ELEC|BAT_01|N1|SPOT LED ENCASTRÉ;A_ANALYSER
OBJ_00074;PROJ_001;BAT_01;N1;B101;CHAMBRE_3;LOT_ELEC;ELEC_PC;OBJ_00074;ELEC-PC-001;Prise 2P+T;PRISE 2P+T;6.0;u;12000.0;72000.0;LOT_ELEC;ELEC_PC;default;BAT_01;N1;B101;CHAMBRE_3;COMMUN_BATIMENT;Quantité forfaitaire;;IFC_00074;;;;;;;;;IfcOutlet;9000.0;54000.0;IMPORT;SP2I Procurement;NON_COMMENCE;DQE_VALIDATED;LOW;2026-10-01;BIM_READY;OK;LOT_ELEC|BAT_01|N1|PRISE 2P+T;A_ANALYSER
OBJ_00075;PROJ_001;BAT_01;N1;B101;CHAMBRE_3;LOT_CAR;CAR_SOL;OBJ_00075;CAR-120-001;Carrelage 120x120;CARRELAGE 120X120;18.0;m²;28000.0;504000.0;LOT_CAR;CAR_SOL;default;BAT_01;N1;B101;CHAMBRE_3;COMMUN_BATIMENT;4.5 x 4;;IFC_00075;;;;;;;;;IfcCovering;19000.0;342000.0;IMPORT;SP2I Procurement;NON_COMMENCE;DQE_VALIDATED;LOW;2026-10-01;BIM_READY;OK;LOT_CAR|BAT_01|N1|CARRELAGE 120X120;A_ANALYSER
OBJ_00076;PROJ_001;BAT_01;N1;B101;CHAMBRE_3;LOT_FP;FP_BA13;OBJ_00076;FP-001;Faux plafond BA13;FAUX PLAFOND BA13;18.0;m²;18000.0;324000.0;LOT_FP;FP_BA13;default;BAT_01;N1;B101;CHAMBRE_3;COMMUN_BATIMENT;4.5 x 4;;IFC_00076;;;;;;;;;IfcCovering;14000.0;252000.0;IMPORT;SP2I Procurement;NON_COMMENCE;DQE_VALIDATED;LOW;2026-10-01;BIM_READY;OK;LOT_FP|BAT_01|N1|FAUX PLAFOND BA13;A_ANALYSER
OBJ_00077;PROJ_001;BAT_01;N1;B101;CHAMBRE_3;LOT_PNT;PNT_MUR;OBJ_00077;PNT-001;Peinture satinée murs;PEINTURE SATINÉE MURS;18.0;m²;6500.0;117000.0;LOT_PNT;PNT_MUR;peinture;BAT_01;N1;B101;CHAMBRE_3;COMMUN_BATIMENT;4.5 x 4;;IFC_00077;;;;;;;;;IfcCovering;5000.0;90000.0;IMPORT;SP2I Procurement;NON_COMMENCE;DQE_VALIDATED;LOW;2026-10-01;BIM_READY;OK;LOT_PNT|BAT_01|N1|PEINTURE SATINÉE MURS;A_ANALYSER
OBJ_00078;PROJ_001;BAT_01;N1;B101;CHAMBRE_3;LOT_CVC;CVC_UI;OBJ_00078;CVC-UI-001;Split mural;SPLIT MURAL;1.0;u;450000.0;450000.0;LOT_CVC;CVC_UI;default;BAT_01;N1;B101;CHAMBRE_3;COMMUN_BATIMENT;Quantité forfaitaire;;IFC_00078;;;;;;;;;IfcUnitaryEquipment;320000.0;320000.0;IMPORT;SP2I Procurement;NON_COMMENCE;DQE_VALIDATED;LOW;2026-10-01;BIM_READY;OK;LOT_CVC|BAT_01|N1|SPLIT MURAL;A_ANALYSER
OBJ_00079;PROJ_001;BAT_01;N1;B101;SDB_PARENTALE;LOT_ELEC;ELEC_EN;OBJ_00079;ELEC-EN-001;Spot LED encastré;SPOT LED ENCASTRÉ;8.0;u;15000.0;120000.0;LOT_ELEC;ELEC_EN;default;BAT_01;N1;B101;SDB_PARENTALE;COMMUN_BATIMENT;Quantité forfaitaire;;IFC_00079;;;;;;;;;IfcLightFixture;12000.0;96000.0;IMPORT;SP2I Procurement;NON_COMMENCE;DQE_VALIDATED;LOW;2026-10-01;BIM_READY;OK;LOT_ELEC|BAT_01|N1|SPOT LED ENCASTRÉ;A_ANALYSER
OBJ_00080;PROJ_001;BAT_01;N1;B101;SDB_PARENTALE;LOT_ELEC;ELEC_PC;OBJ_00080;ELEC-PC-001;Prise 2P+T;PRISE 2P+T;6.0;u;12000.0;72000.0;LOT_ELEC;ELEC_PC;default;BAT_01;N1;B101;SDB_PARENTALE;COMMUN_BATIMENT;Quantité forfaitaire;;IFC_00080;;;;;;;;;IfcOutlet;9000.0;54000.0;IMPORT;SP2I Procurement;NON_COMMENCE;DQE_VALIDATED;LOW;2026-10-01;BIM_READY;OK;LOT_ELEC|BAT_01|N1|PRISE 2P+T;A_ANALYSER
OBJ_00081;PROJ_001;BAT_01;N1;B101;SDB_PARENTALE;LOT_CAR;CAR_SOL;OBJ_00081;CAR-120-001;Carrelage 120x120;CARRELAGE 120X120;8.0;m²;28000.0;224000.0;LOT_CAR;CAR_SOL;default;BAT_01;N1;B101;SDB_PARENTALE;COMMUN_BATIMENT;3 x 2.5;;IFC_00081;;;;;;;;;IfcCovering;19000.0;152000.0;IMPORT;SP2I Procurement;NON_COMMENCE;DQE_VALIDATED;LOW;2026-10-01;BIM_READY;OK;LOT_CAR|BAT_01|N1|CARRELAGE 120X120;A_ANALYSER
OBJ_00082;PROJ_001;BAT_01;N1;B101;SDB_PARENTALE;LOT_FP;FP_BA13;OBJ_00082;FP-001;Faux plafond BA13;FAUX PLAFOND BA13;8.0;m²;18000.0;144000.0;LOT_FP;FP_BA13;default;BAT_01;N1;B101;SDB_PARENTALE;COMMUN_BATIMENT;3 x 2.5;;IFC_00082;;;;;;;;;IfcCovering;14000.0;112000.0;IMPORT;SP2I Procurement;NON_COMMENCE;DQE_VALIDATED;LOW;2026-10-01;BIM_READY;OK;LOT_FP|BAT_01|N1|FAUX PLAFOND BA13;A_ANALYSER
OBJ_00083;PROJ_001;BAT_01;N1;B101;SDB_PARENTALE;LOT_PNT;PNT_MUR;OBJ_00083;PNT-001;Peinture satinée murs;PEINTURE SATINÉE MURS;8.0;m²;6500.0;52000.0;LOT_PNT;PNT_MUR;peinture;BAT_01;N1;B101;SDB_PARENTALE;COMMUN_BATIMENT;3 x 2.5;;IFC_00083;;;;;;;;;IfcCovering;5000.0;40000.0;IMPORT;SP2I Procurement;NON_COMMENCE;DQE_VALIDATED;LOW;2026-10-01;BIM_READY;OK;LOT_PNT|BAT_01|N1|PEINTURE SATINÉE MURS;A_ANALYSER
OBJ_00084;PROJ_001;BAT_01;N1;B101;SDB_PARENTALE;LOT_CVC;CVC_UI;OBJ_00084;CVC-UI-001;Split mural;SPLIT MURAL;1.0;u;450000.0;450000.0;LOT_CVC;CVC_UI;default;BAT_01;N1;B101;SDB_PARENTALE;COMMUN_BATIMENT;Quantité forfaitaire;;IFC_00084;;;;;;;;;IfcUnitaryEquipment;320000.0;320000.0;IMPORT;SP2I Procurement;NON_COMMENCE;DQE_VALIDATED;LOW;2026-10-01;BIM_READY;OK;LOT_CVC|BAT_01|N1|SPLIT MURAL;A_ANALYSER
OBJ_00085;PROJ_001;BAT_01;N1;B101;SDB_2;LOT_ELEC;ELEC_EN;OBJ_00085;ELEC-EN-001;Spot LED encastré;SPOT LED ENCASTRÉ;8.0;u;15000.0;120000.0;LOT_ELEC;ELEC_EN;default;BAT_01;N1;B101;SDB_2;COMMUN_BATIMENT;Quantité forfaitaire;;IFC_00085;;;;;;;;;IfcLightFixture;12000.0;96000.0;IMPORT;SP2I Procurement;NON_COMMENCE;DQE_VALIDATED;LOW;2026-10-01;BIM_READY;OK;LOT_ELEC|BAT_01|N1|SPOT LED ENCASTRÉ;A_ANALYSER
OBJ_00086;PROJ_001;BAT_01;N1;B101;SDB_2;LOT_ELEC;ELEC_PC;OBJ_00086;ELEC-PC-001;Prise 2P+T;PRISE 2P+T;6.0;u;12000.0;72000.0;LOT_ELEC;ELEC_PC;default;BAT_01;N1;B101;SDB_2;COMMUN_BATIMENT;Quantité forfaitaire;;IFC_00086;;;;;;;;;IfcOutlet;9000.0;54000.0;IMPORT;SP2I Procurement;NON_COMMENCE;DQE_VALIDATED;LOW;2026-10-01;BIM_READY;OK;LOT_ELEC|BAT_01|N1|PRISE 2P+T;A_ANALYSER
OBJ_00087;PROJ_001;BAT_01;N1;B101;SDB_2;LOT_CAR;CAR_SOL;OBJ_00087;CAR-120-001;Carrelage 120x120;CARRELAGE 120X120;4.2;m²;28000.0;117600.0;LOT_CAR;CAR_SOL;default;BAT_01;N1;B101;SDB_2;COMMUN_BATIMENT;2 x 2.1;;IFC_00087;;;;;;;;;IfcCovering;19000.0;79800.0;IMPORT;SP2I Procurement;NON_COMMENCE;DQE_VALIDATED;LOW;2026-10-01;BIM_READY;OK;LOT_CAR|BAT_01|N1|CARRELAGE 120X120;A_ANALYSER
OBJ_00088;PROJ_001;BAT_01;N1;B101;SDB_2;LOT_FP;FP_BA13;OBJ_00088;FP-001;Faux plafond BA13;FAUX PLAFOND BA13;4.2;m²;18000.0;75600.0;LOT_FP;FP_BA13;default;BAT_01;N1;B101;SDB_2;COMMUN_BATIMENT;2 x 2.1;;IFC_00088;;;;;;;;;IfcCovering;14000.0;58800.0;IMPORT;SP2I Procurement;NON_COMMENCE;DQE_VALIDATED;LOW;2026-10-01;BIM_READY;OK;LOT_FP|BAT_01|N1|FAUX PLAFOND BA13;A_ANALYSER
OBJ_00089;PROJ_001;BAT_01;N1;B101;SDB_2;LOT_PNT;PNT_MUR;OBJ_00089;PNT-001;Peinture satinée murs;PEINTURE SATINÉE MURS;4.2;m²;6500.0;27300.0;LOT_PNT;PNT_MUR;peinture;BAT_01;N1;B101;SDB_2;COMMUN_BATIMENT;2 x 2.1;;IFC_00089;;;;;;;;;IfcCovering;5000.0;21000.0;IMPORT;SP2I Procurement;NON_COMMENCE;DQE_VALIDATED;LOW;2026-10-01;BIM_READY;OK;LOT_PNT|BAT_01|N1|PEINTURE SATINÉE MURS;A_ANALYSER
OBJ_00090;PROJ_001;BAT_01;N1;B101;SDB_2;LOT_CVC;CVC_UI;OBJ_00090;CVC-UI-001;Split mural;SPLIT MURAL;1.0;u;450000.0;450000.0;LOT_CVC;CVC_UI;default;BAT_01;N1;B101;SDB_2;COMMUN_BATIMENT;Quantité forfaitaire;;IFC_00090;;;;;;;;;IfcUnitaryEquipment;320000.0;320000.0;IMPORT;SP2I Procurement;NON_COMMENCE;DQE_VALIDATED;LOW;2026-10-01;BIM_READY;OK;LOT_CVC|BAT_01|N1|SPLIT MURAL;A_ANALYSER
OBJ_00091;PROJ_001;BAT_01;N1;B101;BALCON;LOT_ELEC;ELEC_EN;OBJ_00091;ELEC-EN-001;Spot LED encastré;SPOT LED ENCASTRÉ;8.0;u;15000.0;120000.0;LOT_ELEC;ELEC_EN;default;BAT_01;N1;B101;BALCON;COMMUN_BATIMENT;Quantité forfaitaire;;IFC_00091;;;;;;;;;IfcLightFixture;12000.0;96000.0;IMPORT;SP2I Procurement;NON_COMMENCE;DQE_VALIDATED;LOW;2026-10-01;BIM_READY;OK;LOT_ELEC|BAT_01|N1|SPOT LED ENCASTRÉ;A_ANALYSER
OBJ_00092;PROJ_001;BAT_01;N1;B101;BALCON;LOT_ELEC;ELEC_PC;OBJ_00092;ELEC-PC-001;Prise 2P+T;PRISE 2P+T;6.0;u;12000.0;72000.0;LOT_ELEC;ELEC_PC;default;BAT_01;N1;B101;BALCON;COMMUN_BATIMENT;Quantité forfaitaire;;IFC_00092;;;;;;;;;IfcOutlet;9000.0;54000.0;IMPORT;SP2I Procurement;NON_COMMENCE;DQE_VALIDATED;LOW;2026-10-01;BIM_READY;OK;LOT_ELEC|BAT_01|N1|PRISE 2P+T;A_ANALYSER
OBJ_00093;PROJ_001;BAT_01;N1;B101;BALCON;LOT_CAR;CAR_SOL;OBJ_00093;CAR-120-001;Carrelage 120x120;CARRELAGE 120X120;22.0;m²;28000.0;616000.0;LOT_CAR;CAR_SOL;default;BAT_01;N1;B101;BALCON;COMMUN_BATIMENT;11 x 2;;IFC_00093;;;;;;;;;IfcCovering;19000.0;418000.0;IMPORT;SP2I Procurement;NON_COMMENCE;DQE_VALIDATED;LOW;2026-10-01;BIM_READY;OK;LOT_CAR|BAT_01|N1|CARRELAGE 120X120;A_ANALYSER
OBJ_00094;PROJ_001;BAT_01;N1;B101;BALCON;LOT_FP;FP_BA13;OBJ_00094;FP-001;Faux plafond BA13;FAUX PLAFOND BA13;22.0;m²;18000.0;396000.0;LOT_FP;FP_BA13;default;BAT_01;N1;B101;BALCON;COMMUN_BATIMENT;11 x 2;;IFC_00094;;;;;;;;;IfcCovering;14000.0;308000.0;IMPORT;SP2I Procurement;NON_COMMENCE;DQE_VALIDATED;LOW;2026-10-01;BIM_READY;OK;LOT_FP|BAT_01|N1|FAUX PLAFOND BA13;A_ANALYSER
OBJ_00095;PROJ_001;BAT_01;N1;B101;BALCON;LOT_PNT;PNT_MUR;OBJ_00095;PNT-001;Peinture satinée murs;PEINTURE SATINÉE MURS;22.0;m²;6500.0;143000.0;LOT_PNT;PNT_MUR;peinture;BAT_01;N1;B101;BALCON;COMMUN_BATIMENT;11 x 2;;IFC_00095;;;;;;;;;IfcCovering;5000.0;110000.0;IMPORT;SP2I Procurement;NON_COMMENCE;DQE_VALIDATED;LOW;2026-10-01;BIM_READY;OK;LOT_PNT|BAT_01|N1|PEINTURE SATINÉE MURS;A_ANALYSER
OBJ_00096;PROJ_001;BAT_01;N1;B101;BALCON;LOT_CVC;CVC_UI;OBJ_00096;CVC-UI-001;Split mural;SPLIT MURAL;1.0;u;450000.0;450000.0;LOT_CVC;CVC_UI;default;BAT_01;N1;B101;BALCON;COMMUN_BATIMENT;Quantité forfaitaire;;IFC_00096;;;;;;;;;IfcUnitaryEquipment;320000.0;320000.0;IMPORT;SP2I Procurement;NON_COMMENCE;DQE_VALIDATED;LOW;2026-10-01;BIM_READY;OK;LOT_CVC|BAT_01|N1|SPLIT MURAL;A_ANALYSER
OBJ_00097;PROJ_001;BAT_01;N2;A201;SEJOUR;LOT_ELEC;ELEC_EN;OBJ_00097;ELEC-EN-001;Spot LED encastré;SPOT LED ENCASTRÉ;24.0;u;15000.0;360000.0;LOT_ELEC;ELEC_EN;default;BAT_01;N2;A201;SEJOUR;COMMUN_BATIMENT;Quantité forfaitaire;;IFC_00097;;;;;;;;;IfcLightFixture;12000.0;288000.0;IMPORT;SP2I Procurement;NON_COMMENCE;DQE_VALIDATED;LOW;2026-10-01;BIM_READY;OK;LOT_ELEC|BAT_01|N2|SPOT LED ENCASTRÉ;A_ANALYSER
OBJ_00098;PROJ_001;BAT_01;N2;A201;SEJOUR;LOT_ELEC;ELEC_PC;OBJ_00098;ELEC-PC-001;Prise 2P+T;PRISE 2P+T;18.0;u;12000.0;216000.0;LOT_ELEC;ELEC_PC;default;BAT_01;N2;A201;SEJOUR;COMMUN_BATIMENT;Quantité forfaitaire;;IFC_00098;;;;;;;;;IfcOutlet;9000.0;162000.0;IMPORT;SP2I Procurement;NON_COMMENCE;DQE_VALIDATED;LOW;2026-10-01;BIM_READY;OK;LOT_ELEC|BAT_01|N2|PRISE 2P+T;A_ANALYSER
OBJ_00099;PROJ_001;BAT_01;N2;A201;SEJOUR;LOT_CAR;CAR_SOL;OBJ_00099;CAR-120-001;Carrelage 120x120;CARRELAGE 120X120;70.0;m²;28000.0;1960000.0;LOT_CAR;CAR_SOL;default;BAT_01;N2;A201;SEJOUR;COMMUN_BATIMENT;10 x 7;;IFC_00099;;;;;;;;;IfcCovering;19000.0;1330000.0;IMPORT;SP2I Procurement;NON_COMMENCE;DQE_VALIDATED;LOW;2026-10-01;BIM_READY;OK;LOT_CAR|BAT_01|N2|CARRELAGE 120X120;A_ANALYSER
OBJ_00100;PROJ_001;BAT_01;N2;A201;SEJOUR;LOT_FP;FP_BA13;OBJ_00100;FP-001;Faux plafond BA13;FAUX PLAFOND BA13;70.0;m²;18000.0;1260000.0;LOT_FP;FP_BA13;default;BAT_01;N2;A201;SEJOUR;COMMUN_BATIMENT;10 x 7;;IFC_00100;;;;;;;;;IfcCovering;14000.0;980000.0;IMPORT;SP2I Procurement;NON_COMMENCE;DQE_VALIDATED;LOW;2026-10-01;BIM_READY;OK;LOT_FP|BAT_01|N2|FAUX PLAFOND BA13;A_ANALYSER
OBJ_00101;PROJ_001;BAT_01;N2;A201;SEJOUR;LOT_PNT;PNT_MUR;OBJ_00101;PNT-001;Peinture satinée murs;PEINTURE SATINÉE MURS;70.0;m²;6500.0;455000.0;LOT_PNT;PNT_MUR;peinture;BAT_01;N2;A201;SEJOUR;COMMUN_BATIMENT;10 x 7;;IFC_00101;;;;;;;;;IfcCovering;5000.0;350000.0;IMPORT;SP2I Procurement;NON_COMMENCE;DQE_VALIDATED;LOW;2026-10-01;BIM_READY;OK;LOT_PNT|BAT_01|N2|PEINTURE SATINÉE MURS;A_ANALYSER
OBJ_00102;PROJ_001;BAT_01;N2;A201;SEJOUR;LOT_CVC;CVC_UI;OBJ_00102;CVC-UI-001;Split mural;SPLIT MURAL;1.0;u;450000.0;450000.0;LOT_CVC;CVC_UI;default;BAT_01;N2;A201;SEJOUR;COMMUN_BATIMENT;Quantité forfaitaire;;IFC_00102;;;;;;;;;IfcUnitaryEquipment;320000.0;320000.0;IMPORT;SP2I Procurement;NON_COMMENCE;DQE_VALIDATED;LOW;2026-10-01;BIM_READY;OK;LOT_CVC|BAT_01|N2|SPLIT MURAL;A_ANALYSER
OBJ_00103;PROJ_001;BAT_01;N2;A201;CUISINE;LOT_ELEC;ELEC_EN;OBJ_00103;ELEC-EN-001;Spot LED encastré;SPOT LED ENCASTRÉ;8.0;u;15000.0;120000.0;LOT_ELEC;ELEC_EN;default;BAT_01;N2;A201;CUISINE;COMMUN_BATIMENT;Quantité forfaitaire;;IFC_00103;;;;;;;;;IfcLightFixture;12000.0;96000.0;IMPORT;SP2I Procurement;NON_COMMENCE;DQE_VALIDATED;LOW;2026-10-01;BIM_READY;OK;LOT_ELEC|BAT_01|N2|SPOT LED ENCASTRÉ;A_ANALYSER
OBJ_00104;PROJ_001;BAT_01;N2;A201;CUISINE;LOT_ELEC;ELEC_PC;OBJ_00104;ELEC-PC-001;Prise 2P+T;PRISE 2P+T;6.0;u;12000.0;72000.0;LOT_ELEC;ELEC_PC;default;BAT_01;N2;A201;CUISINE;COMMUN_BATIMENT;Quantité forfaitaire;;IFC_00104;;;;;;;;;IfcOutlet;9000.0;54000.0;IMPORT;SP2I Procurement;NON_COMMENCE;DQE_VALIDATED;LOW;2026-10-01;BIM_READY;OK;LOT_ELEC|BAT_01|N2|PRISE 2P+T;A_ANALYSER
OBJ_00105;PROJ_001;BAT_01;N2;A201;CUISINE;LOT_CAR;CAR_SOL;OBJ_00105;CAR-120-001;Carrelage 120x120;CARRELAGE 120X120;18.0;m²;28000.0;504000.0;LOT_CAR;CAR_SOL;default;BAT_01;N2;A201;CUISINE;COMMUN_BATIMENT;6 x 3;;IFC_00105;;;;;;;;;IfcCovering;19000.0;342000.0;IMPORT;SP2I Procurement;NON_COMMENCE;DQE_VALIDATED;LOW;2026-10-01;BIM_READY;OK;LOT_CAR|BAT_01|N2|CARRELAGE 120X120;A_ANALYSER
OBJ_00106;PROJ_001;BAT_01;N2;A201;CUISINE;LOT_FP;FP_BA13;OBJ_00106;FP-001;Faux plafond BA13;FAUX PLAFOND BA13;18.0;m²;18000.0;324000.0;LOT_FP;FP_BA13;default;BAT_01;N2;A201;CUISINE;COMMUN_BATIMENT;6 x 3;;IFC_00106;;;;;;;;;IfcCovering;14000.0;252000.0;IMPORT;SP2I Procurement;NON_COMMENCE;DQE_VALIDATED;LOW;2026-10-01;BIM_READY;OK;LOT_FP|BAT_01|N2|FAUX PLAFOND BA13;A_ANALYSER
OBJ_00107;PROJ_001;BAT_01;N2;A201;CUISINE;LOT_PNT;PNT_MUR;OBJ_00107;PNT-001;Peinture satinée murs;PEINTURE SATINÉE MURS;18.0;m²;6500.0;117000.0;LOT_PNT;PNT_MUR;peinture;BAT_01;N2;A201;CUISINE;COMMUN_BATIMENT;6 x 3;;IFC_00107;;;;;;;;;IfcCovering;5000.0;90000.0;IMPORT;SP2I Procurement;NON_COMMENCE;DQE_VALIDATED;LOW;2026-10-01;BIM_READY;OK;LOT_PNT|BAT_01|N2|PEINTURE SATINÉE MURS;A_ANALYSER
OBJ_00108;PROJ_001;BAT_01;N2;A201;CUISINE;LOT_CVC;CVC_UI;OBJ_00108;CVC-UI-001;Split mural;SPLIT MURAL;1.0;u;450000.0;450000.0;LOT_CVC;CVC_UI;default;BAT_01;N2;A201;CUISINE;COMMUN_BATIMENT;Quantité forfaitaire;;IFC_00108;;;;;;;;;IfcUnitaryEquipment;320000.0;320000.0;IMPORT;SP2I Procurement;NON_COMMENCE;DQE_VALIDATED;LOW;2026-10-01;BIM_READY;OK;LOT_CVC|BAT_01|N2|SPLIT MURAL;A_ANALYSER
OBJ_00109;PROJ_001;BAT_01;N2;A201;CHAMBRE_1;LOT_ELEC;ELEC_EN;OBJ_00109;ELEC-EN-001;Spot LED encastré;SPOT LED ENCASTRÉ;8.0;u;15000.0;120000.0;LOT_ELEC;ELEC_EN;default;BAT_01;N2;A201;CHAMBRE_1;COMMUN_BATIMENT;Quantité forfaitaire;;IFC_00109;;;;;;;;;IfcLightFixture;12000.0;96000.0;IMPORT;SP2I Procurement;NON_COMMENCE;DQE_VALIDATED;LOW;2026-10-01;BIM_READY;OK;LOT_ELEC|BAT_01|N2|SPOT LED ENCASTRÉ;A_ANALYSER
OBJ_00110;PROJ_001;BAT_01;N2;A201;CHAMBRE_1;LOT_ELEC;ELEC_PC;OBJ_00110;ELEC-PC-001;Prise 2P+T;PRISE 2P+T;6.0;u;12000.0;72000.0;LOT_ELEC;ELEC_PC;default;BAT_01;N2;A201;CHAMBRE_1;COMMUN_BATIMENT;Quantité forfaitaire;;IFC_00110;;;;;;;;;IfcOutlet;9000.0;54000.0;IMPORT;SP2I Procurement;NON_COMMENCE;DQE_VALIDATED;LOW;2026-10-01;BIM_READY;OK;LOT_ELEC|BAT_01|N2|PRISE 2P+T;A_ANALYSER
OBJ_00111;PROJ_001;BAT_01;N2;A201;CHAMBRE_1;LOT_CAR;CAR_SOL;OBJ_00111;CAR-120-001;Carrelage 120x120;CARRELAGE 120X120;27.0;m²;28000.0;756000.0;LOT_CAR;CAR_SOL;default;BAT_01;N2;A201;CHAMBRE_1;COMMUN_BATIMENT;6 x 4.5;;IFC_00111;;;;;;;;;IfcCovering;19000.0;513000.0;IMPORT;SP2I Procurement;NON_COMMENCE;DQE_VALIDATED;LOW;2026-10-01;BIM_READY;OK;LOT_CAR|BAT_01|N2|CARRELAGE 120X120;A_ANALYSER
OBJ_00112;PROJ_001;BAT_01;N2;A201;CHAMBRE_1;LOT_FP;FP_BA13;OBJ_00112;FP-001;Faux plafond BA13;FAUX PLAFOND BA13;27.0;m²;18000.0;486000.0;LOT_FP;FP_BA13;default;BAT_01;N2;A201;CHAMBRE_1;COMMUN_BATIMENT;6 x 4.5;;IFC_00112;;;;;;;;;IfcCovering;14000.0;378000.0;IMPORT;SP2I Procurement;NON_COMMENCE;DQE_VALIDATED;LOW;2026-10-01;BIM_READY;OK;LOT_FP|BAT_01|N2|FAUX PLAFOND BA13;A_ANALYSER
OBJ_00113;PROJ_001;BAT_01;N2;A201;CHAMBRE_1;LOT_PNT;PNT_MUR;OBJ_00113;PNT-001;Peinture satinée murs;PEINTURE SATINÉE MURS;27.0;m²;6500.0;175500.0;LOT_PNT;PNT_MUR;peinture;BAT_01;N2;A201;CHAMBRE_1;COMMUN_BATIMENT;6 x 4.5;;IFC_00113;;;;;;;;;IfcCovering;5000.0;135000.0;IMPORT;SP2I Procurement;NON_COMMENCE;DQE_VALIDATED;LOW;2026-10-01;BIM_READY;OK;LOT_PNT|BAT_01|N2|PEINTURE SATINÉE MURS;A_ANALYSER
OBJ_00114;PROJ_001;BAT_01;N2;A201;CHAMBRE_1;LOT_CVC;CVC_UI;OBJ_00114;CVC-UI-001;Split mural;SPLIT MURAL;1.0;u;450000.0;450000.0;LOT_CVC;CVC_UI;default;BAT_01;N2;A201;CHAMBRE_1;COMMUN_BATIMENT;Quantité forfaitaire;;IFC_00114;;;;;;;;;IfcUnitaryEquipment;320000.0;320000.0;IMPORT;SP2I Procurement;NON_COMMENCE;DQE_VALIDATED;LOW;2026-10-01;BIM_READY;OK;LOT_CVC|BAT_01|N2|SPLIT MURAL;A_ANALYSER
OBJ_00115;PROJ_001;BAT_01;N2;A201;CHAMBRE_2;LOT_ELEC;ELEC_EN;OBJ_00115;ELEC-EN-001;Spot LED encastré;SPOT LED ENCASTRÉ;8.0;u;15000.0;120000.0;LOT_ELEC;ELEC_EN;default;BAT_01;N2;A201;CHAMBRE_2;COMMUN_BATIMENT;Quantité forfaitaire;;IFC_00115;;;;;;;;;IfcLightFixture;12000.0;96000.0;IMPORT;SP2I Procurement;NON_COMMENCE;DQE_VALIDATED;LOW;2026-10-01;BIM_READY;OK;LOT_ELEC|BAT_01|N2|SPOT LED ENCASTRÉ;A_ANALYSER
OBJ_00116;PROJ_001;BAT_01;N2;A201;CHAMBRE_2;LOT_ELEC;ELEC_PC;OBJ_00116;ELEC-PC-001;Prise 2P+T;PRISE 2P+T;6.0;u;12000.0;72000.0;LOT_ELEC;ELEC_PC;default;BAT_01;N2;A201;CHAMBRE_2;COMMUN_BATIMENT;Quantité forfaitaire;;IFC_00116;;;;;;;;;IfcOutlet;9000.0;54000.0;IMPORT;SP2I Procurement;NON_COMMENCE;DQE_VALIDATED;LOW;2026-10-01;BIM_READY;OK;LOT_ELEC|BAT_01|N2|PRISE 2P+T;A_ANALYSER
OBJ_00117;PROJ_001;BAT_01;N2;A201;CHAMBRE_2;LOT_CAR;CAR_SOL;OBJ_00117;CAR-120-001;Carrelage 120x120;CARRELAGE 120X120;16.0;m²;28000.0;448000.0;LOT_CAR;CAR_SOL;default;BAT_01;N2;A201;CHAMBRE_2;COMMUN_BATIMENT;4 x 4;;IFC_00117;;;;;;;;;IfcCovering;19000.0;304000.0;IMPORT;SP2I Procurement;NON_COMMENCE;DQE_VALIDATED;LOW;2026-10-01;BIM_READY;OK;LOT_CAR|BAT_01|N2|CARRELAGE 120X120;A_ANALYSER
OBJ_00118;PROJ_001;BAT_01;N2;A201;CHAMBRE_2;LOT_FP;FP_BA13;OBJ_00118;FP-001;Faux plafond BA13;FAUX PLAFOND BA13;16.0;m²;18000.0;288000.0;LOT_FP;FP_BA13;default;BAT_01;N2;A201;CHAMBRE_2;COMMUN_BATIMENT;4 x 4;;IFC_00118;;;;;;;;;IfcCovering;14000.0;224000.0;IMPORT;SP2I Procurement;NON_COMMENCE;DQE_VALIDATED;LOW;2026-10-01;BIM_READY;OK;LOT_FP|BAT_01|N2|FAUX PLAFOND BA13;A_ANALYSER
OBJ_00119;PROJ_001;BAT_01;N2;A201;CHAMBRE_2;LOT_PNT;PNT_MUR;OBJ_00119;PNT-001;Peinture satinée murs;PEINTURE SATINÉE MURS;16.0;m²;6500.0;104000.0;LOT_PNT;PNT_MUR;peinture;BAT_01;N2;A201;CHAMBRE_2;COMMUN_BATIMENT;4 x 4;;IFC_00119;;;;;;;;;IfcCovering;5000.0;80000.0;IMPORT;SP2I Procurement;NON_COMMENCE;DQE_VALIDATED;LOW;2026-10-01;BIM_READY;OK;LOT_PNT|BAT_01|N2|PEINTURE SATINÉE MURS;A_ANALYSER
OBJ_00120;PROJ_001;BAT_01;N2;A201;CHAMBRE_2;LOT_CVC;CVC_UI;OBJ_00120;CVC-UI-001;Split mural;SPLIT MURAL;1.0;u;450000.0;450000.0;LOT_CVC;CVC_UI;default;BAT_01;N2;A201;CHAMBRE_2;COMMUN_BATIMENT;Quantité forfaitaire;;IFC_00120;;;;;;;;;IfcUnitaryEquipment;320000.0;320000.0;IMPORT;SP2I Procurement;NON_COMMENCE;DQE_VALIDATED;LOW;2026-10-01;BIM_READY;OK;LOT_CVC|BAT_01|N2|SPLIT MURAL;A_ANALYSER
OBJ_00121;PROJ_001;BAT_01;N2;A201;CHAMBRE_3;LOT_ELEC;ELEC_EN;OBJ_00121;ELEC-EN-001;Spot LED encastré;SPOT LED ENCASTRÉ;8.0;u;15000.0;120000.0;LOT_ELEC;ELEC_EN;default;BAT_01;N2;A201;CHAMBRE_3;COMMUN_BATIMENT;Quantité forfaitaire;;IFC_00121;;;;;;;;;IfcLightFixture;12000.0;96000.0;IMPORT;SP2I Procurement;NON_COMMENCE;DQE_VALIDATED;LOW;2026-10-01;BIM_READY;OK;LOT_ELEC|BAT_01|N2|SPOT LED ENCASTRÉ;A_ANALYSER
OBJ_00122;PROJ_001;BAT_01;N2;A201;CHAMBRE_3;LOT_ELEC;ELEC_PC;OBJ_00122;ELEC-PC-001;Prise 2P+T;PRISE 2P+T;6.0;u;12000.0;72000.0;LOT_ELEC;ELEC_PC;default;BAT_01;N2;A201;CHAMBRE_3;COMMUN_BATIMENT;Quantité forfaitaire;;IFC_00122;;;;;;;;;IfcOutlet;9000.0;54000.0;IMPORT;SP2I Procurement;NON_COMMENCE;DQE_VALIDATED;LOW;2026-10-01;BIM_READY;OK;LOT_ELEC|BAT_01|N2|PRISE 2P+T;A_ANALYSER
OBJ_00123;PROJ_001;BAT_01;N2;A201;CHAMBRE_3;LOT_CAR;CAR_SOL;OBJ_00123;CAR-120-001;Carrelage 120x120;CARRELAGE 120X120;18.0;m²;28000.0;504000.0;LOT_CAR;CAR_SOL;default;BAT_01;N2;A201;CHAMBRE_3;COMMUN_BATIMENT;4.5 x 4;;IFC_00123;;;;;;;;;IfcCovering;19000.0;342000.0;IMPORT;SP2I Procurement;NON_COMMENCE;DQE_VALIDATED;LOW;2026-10-01;BIM_READY;OK;LOT_CAR|BAT_01|N2|CARRELAGE 120X120;A_ANALYSER
OBJ_00124;PROJ_001;BAT_01;N2;A201;CHAMBRE_3;LOT_FP;FP_BA13;OBJ_00124;FP-001;Faux plafond BA13;FAUX PLAFOND BA13;18.0;m²;18000.0;324000.0;LOT_FP;FP_BA13;default;BAT_01;N2;A201;CHAMBRE_3;COMMUN_BATIMENT;4.5 x 4;;IFC_00124;;;;;;;;;IfcCovering;14000.0;252000.0;IMPORT;SP2I Procurement;NON_COMMENCE;DQE_VALIDATED;LOW;2026-10-01;BIM_READY;OK;LOT_FP|BAT_01|N2|FAUX PLAFOND BA13;A_ANALYSER
OBJ_00125;PROJ_001;BAT_01;N2;A201;CHAMBRE_3;LOT_PNT;PNT_MUR;OBJ_00125;PNT-001;Peinture satinée murs;PEINTURE SATINÉE MURS;18.0;m²;6500.0;117000.0;LOT_PNT;PNT_MUR;peinture;BAT_01;N2;A201;CHAMBRE_3;COMMUN_BATIMENT;4.5 x 4;;IFC_00125;;;;;;;;;IfcCovering;5000.0;90000.0;IMPORT;SP2I Procurement;NON_COMMENCE;DQE_VALIDATED;LOW;2026-10-01;BIM_READY;OK;LOT_PNT|BAT_01|N2|PEINTURE SATINÉE MURS;A_ANALYSER
OBJ_00126;PROJ_001;BAT_01;N2;A201;CHAMBRE_3;LOT_CVC;CVC_UI;OBJ_00126;CVC-UI-001;Split mural;SPLIT MURAL;1.0;u;450000.0;450000.0;LOT_CVC;CVC_UI;default;BAT_01;N2;A201;CHAMBRE_3;COMMUN_BATIMENT;Quantité forfaitaire;;IFC_00126;;;;;;;;;IfcUnitaryEquipment;320000.0;320000.0;IMPORT;SP2I Procurement;NON_COMMENCE;DQE_VALIDATED;LOW;2026-10-01;BIM_READY;OK;LOT_CVC|BAT_01|N2|SPLIT MURAL;A_ANALYSER
OBJ_00127;PROJ_001;BAT_01;N2;A201;SDB_PARENTALE;LOT_ELEC;ELEC_EN;OBJ_00127;ELEC-EN-001;Spot LED encastré;SPOT LED ENCASTRÉ;8.0;u;15000.0;120000.0;LOT_ELEC;ELEC_EN;default;BAT_01;N2;A201;SDB_PARENTALE;COMMUN_BATIMENT;Quantité forfaitaire;;IFC_00127;;;;;;;;;IfcLightFixture;12000.0;96000.0;IMPORT;SP2I Procurement;NON_COMMENCE;DQE_VALIDATED;LOW;2026-10-01;BIM_READY;OK;LOT_ELEC|BAT_01|N2|SPOT LED ENCASTRÉ;A_ANALYSER
OBJ_00128;PROJ_001;BAT_01;N2;A201;SDB_PARENTALE;LOT_ELEC;ELEC_PC;OBJ_00128;ELEC-PC-001;Prise 2P+T;PRISE 2P+T;6.0;u;12000.0;72000.0;LOT_ELEC;ELEC_PC;default;BAT_01;N2;A201;SDB_PARENTALE;COMMUN_BATIMENT;Quantité forfaitaire;;IFC_00128;;;;;;;;;IfcOutlet;9000.0;54000.0;IMPORT;SP2I Procurement;NON_COMMENCE;DQE_VALIDATED;LOW;2026-10-01;BIM_READY;OK;LOT_ELEC|BAT_01|N2|PRISE 2P+T;A_ANALYSER
OBJ_00129;PROJ_001;BAT_01;N2;A201;SDB_PARENTALE;LOT_CAR;CAR_SOL;OBJ_00129;CAR-120-001;Carrelage 120x120;CARRELAGE 120X120;8.0;m²;28000.0;224000.0;LOT_CAR;CAR_SOL;default;BAT_01;N2;A201;SDB_PARENTALE;COMMUN_BATIMENT;3 x 2.5;;IFC_00129;;;;;;;;;IfcCovering;19000.0;152000.0;IMPORT;SP2I Procurement;NON_COMMENCE;DQE_VALIDATED;LOW;2026-10-01;BIM_READY;OK;LOT_CAR|BAT_01|N2|CARRELAGE 120X120;A_ANALYSER
OBJ_00130;PROJ_001;BAT_01;N2;A201;SDB_PARENTALE;LOT_FP;FP_BA13;OBJ_00130;FP-001;Faux plafond BA13;FAUX PLAFOND BA13;8.0;m²;18000.0;144000.0;LOT_FP;FP_BA13;default;BAT_01;N2;A201;SDB_PARENTALE;COMMUN_BATIMENT;3 x 2.5;;IFC_00130;;;;;;;;;IfcCovering;14000.0;112000.0;IMPORT;SP2I Procurement;NON_COMMENCE;DQE_VALIDATED;LOW;2026-10-01;BIM_READY;OK;LOT_FP|BAT_01|N2|FAUX PLAFOND BA13;A_ANALYSER
OBJ_00131;PROJ_001;BAT_01;N2;A201;SDB_PARENTALE;LOT_PNT;PNT_MUR;OBJ_00131;PNT-001;Peinture satinée murs;PEINTURE SATINÉE MURS;8.0;m²;6500.0;52000.0;LOT_PNT;PNT_MUR;peinture;BAT_01;N2;A201;SDB_PARENTALE;COMMUN_BATIMENT;3 x 2.5;;IFC_00131;;;;;;;;;IfcCovering;5000.0;40000.0;IMPORT;SP2I Procurement;NON_COMMENCE;DQE_VALIDATED;LOW;2026-10-01;BIM_READY;OK;LOT_PNT|BAT_01|N2|PEINTURE SATINÉE MURS;A_ANALYSER
OBJ_00132;PROJ_001;BAT_01;N2;A201;SDB_PARENTALE;LOT_CVC;CVC_UI;OBJ_00132;CVC-UI-001;Split mural;SPLIT MURAL;1.0;u;450000.0;450000.0;LOT_CVC;CVC_UI;default;BAT_01;N2;A201;SDB_PARENTALE;COMMUN_BATIMENT;Quantité forfaitaire;;IFC_00132;;;;;;;;;IfcUnitaryEquipment;320000.0;320000.0;IMPORT;SP2I Procurement;NON_COMMENCE;DQE_VALIDATED;LOW;2026-10-01;BIM_READY;OK;LOT_CVC|BAT_01|N2|SPLIT MURAL;A_ANALYSER
OBJ_00133;PROJ_001;BAT_01;N2;A201;SDB_2;LOT_ELEC;ELEC_EN;OBJ_00133;ELEC-EN-001;Spot LED encastré;SPOT LED ENCASTRÉ;8.0;u;15000.0;120000.0;LOT_ELEC;ELEC_EN;default;BAT_01;N2;A201;SDB_2;COMMUN_BATIMENT;Quantité forfaitaire;;IFC_00133;;;;;;;;;IfcLightFixture;12000.0;96000.0;IMPORT;SP2I Procurement;NON_COMMENCE;DQE_VALIDATED;LOW;2026-10-01;BIM_READY;OK;LOT_ELEC|BAT_01|N2|SPOT LED ENCASTRÉ;A_ANALYSER
OBJ_00134;PROJ_001;BAT_01;N2;A201;SDB_2;LOT_ELEC;ELEC_PC;OBJ_00134;ELEC-PC-001;Prise 2P+T;PRISE 2P+T;6.0;u;12000.0;72000.0;LOT_ELEC;ELEC_PC;default;BAT_01;N2;A201;SDB_2;COMMUN_BATIMENT;Quantité forfaitaire;;IFC_00134;;;;;;;;;IfcOutlet;9000.0;54000.0;IMPORT;SP2I Procurement;NON_COMMENCE;DQE_VALIDATED;LOW;2026-10-01;BIM_READY;OK;LOT_ELEC|BAT_01|N2|PRISE 2P+T;A_ANALYSER
OBJ_00135;PROJ_001;BAT_01;N2;A201;SDB_2;LOT_CAR;CAR_SOL;OBJ_00135;CAR-120-001;Carrelage 120x120;CARRELAGE 120X120;4.2;m²;28000.0;117600.0;LOT_CAR;CAR_SOL;default;BAT_01;N2;A201;SDB_2;COMMUN_BATIMENT;2 x 2.1;;IFC_00135;;;;;;;;;IfcCovering;19000.0;79800.0;IMPORT;SP2I Procurement;NON_COMMENCE;DQE_VALIDATED;LOW;2026-10-01;BIM_READY;OK;LOT_CAR|BAT_01|N2|CARRELAGE 120X120;A_ANALYSER
OBJ_00136;PROJ_001;BAT_01;N2;A201;SDB_2;LOT_FP;FP_BA13;OBJ_00136;FP-001;Faux plafond BA13;FAUX PLAFOND BA13;4.2;m²;18000.0;75600.0;LOT_FP;FP_BA13;default;BAT_01;N2;A201;SDB_2;COMMUN_BATIMENT;2 x 2.1;;IFC_00136;;;;;;;;;IfcCovering;14000.0;58800.0;IMPORT;SP2I Procurement;NON_COMMENCE;DQE_VALIDATED;LOW;2026-10-01;BIM_READY;OK;LOT_FP|BAT_01|N2|FAUX PLAFOND BA13;A_ANALYSER
OBJ_00137;PROJ_001;BAT_01;N2;A201;SDB_2;LOT_PNT;PNT_MUR;OBJ_00137;PNT-001;Peinture satinée murs;PEINTURE SATINÉE MURS;4.2;m²;6500.0;27300.0;LOT_PNT;PNT_MUR;peinture;BAT_01;N2;A201;SDB_2;COMMUN_BATIMENT;2 x 2.1;;IFC_00137;;;;;;;;;IfcCovering;5000.0;21000.0;IMPORT;SP2I Procurement;NON_COMMENCE;DQE_VALIDATED;LOW;2026-10-01;BIM_READY;OK;LOT_PNT|BAT_01|N2|PEINTURE SATINÉE MURS;A_ANALYSER
OBJ_00138;PROJ_001;BAT_01;N2;A201;SDB_2;LOT_CVC;CVC_UI;OBJ_00138;CVC-UI-001;Split mural;SPLIT MURAL;1.0;u;450000.0;450000.0;LOT_CVC;CVC_UI;default;BAT_01;N2;A201;SDB_2;COMMUN_BATIMENT;Quantité forfaitaire;;IFC_00138;;;;;;;;;IfcUnitaryEquipment;320000.0;320000.0;IMPORT;SP2I Procurement;NON_COMMENCE;DQE_VALIDATED;LOW;2026-10-01;BIM_READY;OK;LOT_CVC|BAT_01|N2|SPLIT MURAL;A_ANALYSER
OBJ_00139;PROJ_001;BAT_01;N2;A201;BALCON;LOT_ELEC;ELEC_EN;OBJ_00139;ELEC-EN-001;Spot LED encastré;SPOT LED ENCASTRÉ;8.0;u;15000.0;120000.0;LOT_ELEC;ELEC_EN;default;BAT_01;N2;A201;BALCON;COMMUN_BATIMENT;Quantité forfaitaire;;IFC_00139;;;;;;;;;IfcLightFixture;12000.0;96000.0;IMPORT;SP2I Procurement;NON_COMMENCE;DQE_VALIDATED;LOW;2026-10-01;BIM_READY;OK;LOT_ELEC|BAT_01|N2|SPOT LED ENCASTRÉ;A_ANALYSER
OBJ_00140;PROJ_001;BAT_01;N2;A201;BALCON;LOT_ELEC;ELEC_PC;OBJ_00140;ELEC-PC-001;Prise 2P+T;PRISE 2P+T;6.0;u;12000.0;72000.0;LOT_ELEC;ELEC_PC;default;BAT_01;N2;A201;BALCON;COMMUN_BATIMENT;Quantité forfaitaire;;IFC_00140;;;;;;;;;IfcOutlet;9000.0;54000.0;IMPORT;SP2I Procurement;NON_COMMENCE;DQE_VALIDATED;LOW;2026-10-01;BIM_READY;OK;LOT_ELEC|BAT_01|N2|PRISE 2P+T;A_ANALYSER
OBJ_00141;PROJ_001;BAT_01;N2;A201;BALCON;LOT_CAR;CAR_SOL;OBJ_00141;CAR-120-001;Carrelage 120x120;CARRELAGE 120X120;22.0;m²;28000.0;616000.0;LOT_CAR;CAR_SOL;default;BAT_01;N2;A201;BALCON;COMMUN_BATIMENT;11 x 2;;IFC_00141;;;;;;;;;IfcCovering;19000.0;418000.0;IMPORT;SP2I Procurement;NON_COMMENCE;DQE_VALIDATED;LOW;2026-10-01;BIM_READY;OK;LOT_CAR|BAT_01|N2|CARRELAGE 120X120;A_ANALYSER
OBJ_00142;PROJ_001;BAT_01;N2;A201;BALCON;LOT_FP;FP_BA13;OBJ_00142;FP-001;Faux plafond BA13;FAUX PLAFOND BA13;22.0;m²;18000.0;396000.0;LOT_FP;FP_BA13;default;BAT_01;N2;A201;BALCON;COMMUN_BATIMENT;11 x 2;;IFC_00142;;;;;;;;;IfcCovering;14000.0;308000.0;IMPORT;SP2I Procurement;NON_COMMENCE;DQE_VALIDATED;LOW;2026-10-01;BIM_READY;OK;LOT_FP|BAT_01|N2|FAUX PLAFOND BA13;A_ANALYSER
OBJ_00143;PROJ_001;BAT_01;N2;A201;BALCON;LOT_PNT;PNT_MUR;OBJ_00143;PNT-001;Peinture satinée murs;PEINTURE SATINÉE MURS;22.0;m²;6500.0;143000.0;LOT_PNT;PNT_MUR;peinture;BAT_01;N2;A201;BALCON;COMMUN_BATIMENT;11 x 2;;IFC_00143;;;;;;;;;IfcCovering;5000.0;110000.0;IMPORT;SP2I Procurement;NON_COMMENCE;DQE_VALIDATED;LOW;2026-10-01;BIM_READY;OK;LOT_PNT|BAT_01|N2|PEINTURE SATINÉE MURS;A_ANALYSER
OBJ_00144;PROJ_001;BAT_01;N2;A201;BALCON;LOT_CVC;CVC_UI;OBJ_00144;CVC-UI-001;Split mural;SPLIT MURAL;1.0;u;450000.0;450000.0;LOT_CVC;CVC_UI;default;BAT_01;N2;A201;BALCON;COMMUN_BATIMENT;Quantité forfaitaire;;IFC_00144;;;;;;;;;IfcUnitaryEquipment;320000.0;320000.0;IMPORT;SP2I Procurement;NON_COMMENCE;DQE_VALIDATED;LOW;2026-10-01;BIM_READY;OK;LOT_CVC|BAT_01|N2|SPLIT MURAL;A_ANALYSER
OBJ_00145;PROJ_001;BAT_01;N2;B201;SEJOUR;LOT_ELEC;ELEC_EN;OBJ_00145;ELEC-EN-001;Spot LED encastré;SPOT LED ENCASTRÉ;24.0;u;15000.0;360000.0;LOT_ELEC;ELEC_EN;default;BAT_01;N2;B201;SEJOUR;COMMUN_BATIMENT;Quantité forfaitaire;;IFC_00145;;;;;;;;;IfcLightFixture;12000.0;288000.0;IMPORT;SP2I Procurement;NON_COMMENCE;DQE_VALIDATED;LOW;2026-10-01;BIM_READY;OK;LOT_ELEC|BAT_01|N2|SPOT LED ENCASTRÉ;A_ANALYSER
OBJ_00146;PROJ_001;BAT_01;N2;B201;SEJOUR;LOT_ELEC;ELEC_PC;OBJ_00146;ELEC-PC-001;Prise 2P+T;PRISE 2P+T;18.0;u;12000.0;216000.0;LOT_ELEC;ELEC_PC;default;BAT_01;N2;B201;SEJOUR;COMMUN_BATIMENT;Quantité forfaitaire;;IFC_00146;;;;;;;;;IfcOutlet;9000.0;162000.0;IMPORT;SP2I Procurement;NON_COMMENCE;DQE_VALIDATED;LOW;2026-10-01;BIM_READY;OK;LOT_ELEC|BAT_01|N2|PRISE 2P+T;A_ANALYSER
OBJ_00147;PROJ_001;BAT_01;N2;B201;SEJOUR;LOT_CAR;CAR_SOL;OBJ_00147;CAR-120-001;Carrelage 120x120;CARRELAGE 120X120;70.0;m²;28000.0;1960000.0;LOT_CAR;CAR_SOL;default;BAT_01;N2;B201;SEJOUR;COMMUN_BATIMENT;10 x 7;;IFC_00147;;;;;;;;;IfcCovering;19000.0;1330000.0;IMPORT;SP2I Procurement;NON_COMMENCE;DQE_VALIDATED;LOW;2026-10-01;BIM_READY;OK;LOT_CAR|BAT_01|N2|CARRELAGE 120X120;A_ANALYSER
OBJ_00148;PROJ_001;BAT_01;N2;B201;SEJOUR;LOT_FP;FP_BA13;OBJ_00148;FP-001;Faux plafond BA13;FAUX PLAFOND BA13;70.0;m²;18000.0;1260000.0;LOT_FP;FP_BA13;default;BAT_01;N2;B201;SEJOUR;COMMUN_BATIMENT;10 x 7;;IFC_00148;;;;;;;;;IfcCovering;14000.0;980000.0;IMPORT;SP2I Procurement;NON_COMMENCE;DQE_VALIDATED;LOW;2026-10-01;BIM_READY;OK;LOT_FP|BAT_01|N2|FAUX PLAFOND BA13;A_ANALYSER
OBJ_00149;PROJ_001;BAT_01;N2;B201;SEJOUR;LOT_PNT;PNT_MUR;OBJ_00149;PNT-001;Peinture satinée murs;PEINTURE SATINÉE MURS;70.0;m²;6500.0;455000.0;LOT_PNT;PNT_MUR;peinture;BAT_01;N2;B201;SEJOUR;COMMUN_BATIMENT;10 x 7;;IFC_00149;;;;;;;;;IfcCovering;5000.0;350000.0;IMPORT;SP2I Procurement;NON_COMMENCE;DQE_VALIDATED;LOW;2026-10-01;BIM_READY;OK;LOT_PNT|BAT_01|N2|PEINTURE SATINÉE MURS;A_ANALYSER
OBJ_00150;PROJ_001;BAT_01;N2;B201;SEJOUR;LOT_CVC;CVC_UI;OBJ_00150;CVC-UI-001;Split mural;SPLIT MURAL;1.0;u;450000.0;450000.0;LOT_CVC;CVC_UI;default;BAT_01;N2;B201;SEJOUR;COMMUN_BATIMENT;Quantité forfaitaire;;IFC_00150;;;;;;;;;IfcUnitaryEquipment;320000.0;320000.0;IMPORT;SP2I Procurement;NON_COMMENCE;DQE_VALIDATED;LOW;2026-10-01;BIM_READY;OK;LOT_CVC|BAT_01|N2|SPLIT MURAL;A_ANALYSER
OBJ_00151;PROJ_001;BAT_01;N2;B201;CUISINE;LOT_ELEC;ELEC_EN;OBJ_00151;ELEC-EN-001;Spot LED encastré;SPOT LED ENCASTRÉ;8.0;u;15000.0;120000.0;LOT_ELEC;ELEC_EN;default;BAT_01;N2;B201;CUISINE;COMMUN_BATIMENT;Quantité forfaitaire;;IFC_00151;;;;;;;;;IfcLightFixture;12000.0;96000.0;IMPORT;SP2I Procurement;NON_COMMENCE;DQE_VALIDATED;LOW;2026-10-01;BIM_READY;OK;LOT_ELEC|BAT_01|N2|SPOT LED ENCASTRÉ;A_ANALYSER
OBJ_00152;PROJ_001;BAT_01;N2;B201;CUISINE;LOT_ELEC;ELEC_PC;OBJ_00152;ELEC-PC-001;Prise 2P+T;PRISE 2P+T;6.0;u;12000.0;72000.0;LOT_ELEC;ELEC_PC;default;BAT_01;N2;B201;CUISINE;COMMUN_BATIMENT;Quantité forfaitaire;;IFC_00152;;;;;;;;;IfcOutlet;9000.0;54000.0;IMPORT;SP2I Procurement;NON_COMMENCE;DQE_VALIDATED;LOW;2026-10-01;BIM_READY;OK;LOT_ELEC|BAT_01|N2|PRISE 2P+T;A_ANALYSER
OBJ_00153;PROJ_001;BAT_01;N2;B201;CUISINE;LOT_CAR;CAR_SOL;OBJ_00153;CAR-120-001;Carrelage 120x120;CARRELAGE 120X120;18.0;m²;28000.0;504000.0;LOT_CAR;CAR_SOL;default;BAT_01;N2;B201;CUISINE;COMMUN_BATIMENT;6 x 3;;IFC_00153;;;;;;;;;IfcCovering;19000.0;342000.0;IMPORT;SP2I Procurement;NON_COMMENCE;DQE_VALIDATED;LOW;2026-10-01;BIM_READY;OK;LOT_CAR|BAT_01|N2|CARRELAGE 120X120;A_ANALYSER
OBJ_00154;PROJ_001;BAT_01;N2;B201;CUISINE;LOT_FP;FP_BA13;OBJ_00154;FP-001;Faux plafond BA13;FAUX PLAFOND BA13;18.0;m²;18000.0;324000.0;LOT_FP;FP_BA13;default;BAT_01;N2;B201;CUISINE;COMMUN_BATIMENT;6 x 3;;IFC_00154;;;;;;;;;IfcCovering;14000.0;252000.0;IMPORT;SP2I Procurement;NON_COMMENCE;DQE_VALIDATED;LOW;2026-10-01;BIM_READY;OK;LOT_FP|BAT_01|N2|FAUX PLAFOND BA13;A_ANALYSER
OBJ_00155;PROJ_001;BAT_01;N2;B201;CUISINE;LOT_PNT;PNT_MUR;OBJ_00155;PNT-001;Peinture satinée murs;PEINTURE SATINÉE MURS;18.0;m²;6500.0;117000.0;LOT_PNT;PNT_MUR;peinture;BAT_01;N2;B201;CUISINE;COMMUN_BATIMENT;6 x 3;;IFC_00155;;;;;;;;;IfcCovering;5000.0;90000.0;IMPORT;SP2I Procurement;NON_COMMENCE;DQE_VALIDATED;LOW;2026-10-01;BIM_READY;OK;LOT_PNT|BAT_01|N2|PEINTURE SATINÉE MURS;A_ANALYSER
OBJ_00156;PROJ_001;BAT_01;N2;B201;CUISINE;LOT_CVC;CVC_UI;OBJ_00156;CVC-UI-001;Split mural;SPLIT MURAL;1.0;u;450000.0;450000.0;LOT_CVC;CVC_UI;default;BAT_01;N2;B201;CUISINE;COMMUN_BATIMENT;Quantité forfaitaire;;IFC_00156;;;;;;;;;IfcUnitaryEquipment;320000.0;320000.0;IMPORT;SP2I Procurement;NON_COMMENCE;DQE_VALIDATED;LOW;2026-10-01;BIM_READY;OK;LOT_CVC|BAT_01|N2|SPLIT MURAL;A_ANALYSER
OBJ_00157;PROJ_001;BAT_01;N2;B201;CHAMBRE_1;LOT_ELEC;ELEC_EN;OBJ_00157;ELEC-EN-001;Spot LED encastré;SPOT LED ENCASTRÉ;8.0;u;15000.0;120000.0;LOT_ELEC;ELEC_EN;default;BAT_01;N2;B201;CHAMBRE_1;COMMUN_BATIMENT;Quantité forfaitaire;;IFC_00157;;;;;;;;;IfcLightFixture;12000.0;96000.0;IMPORT;SP2I Procurement;NON_COMMENCE;DQE_VALIDATED;LOW;2026-10-01;BIM_READY;OK;LOT_ELEC|BAT_01|N2|SPOT LED ENCASTRÉ;A_ANALYSER
OBJ_00158;PROJ_001;BAT_01;N2;B201;CHAMBRE_1;LOT_ELEC;ELEC_PC;OBJ_00158;ELEC-PC-001;Prise 2P+T;PRISE 2P+T;6.0;u;12000.0;72000.0;LOT_ELEC;ELEC_PC;default;BAT_01;N2;B201;CHAMBRE_1;COMMUN_BATIMENT;Quantité forfaitaire;;IFC_00158;;;;;;;;;IfcOutlet;9000.0;54000.0;IMPORT;SP2I Procurement;NON_COMMENCE;DQE_VALIDATED;LOW;2026-10-01;BIM_READY;OK;LOT_ELEC|BAT_01|N2|PRISE 2P+T;A_ANALYSER
OBJ_00159;PROJ_001;BAT_01;N2;B201;CHAMBRE_1;LOT_CAR;CAR_SOL;OBJ_00159;CAR-120-001;Carrelage 120x120;CARRELAGE 120X120;27.0;m²;28000.0;756000.0;LOT_CAR;CAR_SOL;default;BAT_01;N2;B201;CHAMBRE_1;COMMUN_BATIMENT;6 x 4.5;;IFC_00159;;;;;;;;;IfcCovering;19000.0;513000.0;IMPORT;SP2I Procurement;NON_COMMENCE;DQE_VALIDATED;LOW;2026-10-01;BIM_READY;OK;LOT_CAR|BAT_01|N2|CARRELAGE 120X120;A_ANALYSER
OBJ_00160;PROJ_001;BAT_01;N2;B201;CHAMBRE_1;LOT_FP;FP_BA13;OBJ_00160;FP-001;Faux plafond BA13;FAUX PLAFOND BA13;27.0;m²;18000.0;486000.0;LOT_FP;FP_BA13;default;BAT_01;N2;B201;CHAMBRE_1;COMMUN_BATIMENT;6 x 4.5;;IFC_00160;;;;;;;;;IfcCovering;14000.0;378000.0;IMPORT;SP2I Procurement;NON_COMMENCE;DQE_VALIDATED;LOW;2026-10-01;BIM_READY;OK;LOT_FP|BAT_01|N2|FAUX PLAFOND BA13;A_ANALYSER
OBJ_00161;PROJ_001;BAT_01;N2;B201;CHAMBRE_1;LOT_PNT;PNT_MUR;OBJ_00161;PNT-001;Peinture satinée murs;PEINTURE SATINÉE MURS;27.0;m²;6500.0;175500.0;LOT_PNT;PNT_MUR;peinture;BAT_01;N2;B201;CHAMBRE_1;COMMUN_BATIMENT;6 x 4.5;;IFC_00161;;;;;;;;;IfcCovering;5000.0;135000.0;IMPORT;SP2I Procurement;NON_COMMENCE;DQE_VALIDATED;LOW;2026-10-01;BIM_READY;OK;LOT_PNT|BAT_01|N2|PEINTURE SATINÉE MURS;A_ANALYSER
OBJ_00162;PROJ_001;BAT_01;N2;B201;CHAMBRE_1;LOT_CVC;CVC_UI;OBJ_00162;CVC-UI-001;Split mural;SPLIT MURAL;1.0;u;450000.0;450000.0;LOT_CVC;CVC_UI;default;BAT_01;N2;B201;CHAMBRE_1;COMMUN_BATIMENT;Quantité forfaitaire;;IFC_00162;;;;;;;;;IfcUnitaryEquipment;320000.0;320000.0;IMPORT;SP2I Procurement;NON_COMMENCE;DQE_VALIDATED;LOW;2026-10-01;BIM_READY;OK;LOT_CVC|BAT_01|N2|SPLIT MURAL;A_ANALYSER
OBJ_00163;PROJ_001;BAT_01;N2;B201;CHAMBRE_2;LOT_ELEC;ELEC_EN;OBJ_00163;ELEC-EN-001;Spot LED encastré;SPOT LED ENCASTRÉ;8.0;u;15000.0;120000.0;LOT_ELEC;ELEC_EN;default;BAT_01;N2;B201;CHAMBRE_2;COMMUN_BATIMENT;Quantité forfaitaire;;IFC_00163;;;;;;;;;IfcLightFixture;12000.0;96000.0;IMPORT;SP2I Procurement;NON_COMMENCE;DQE_VALIDATED;LOW;2026-10-01;BIM_READY;OK;LOT_ELEC|BAT_01|N2|SPOT LED ENCASTRÉ;A_ANALYSER
OBJ_00164;PROJ_001;BAT_01;N2;B201;CHAMBRE_2;LOT_ELEC;ELEC_PC;OBJ_00164;ELEC-PC-001;Prise 2P+T;PRISE 2P+T;6.0;u;12000.0;72000.0;LOT_ELEC;ELEC_PC;default;BAT_01;N2;B201;CHAMBRE_2;COMMUN_BATIMENT;Quantité forfaitaire;;IFC_00164;;;;;;;;;IfcOutlet;9000.0;54000.0;IMPORT;SP2I Procurement;NON_COMMENCE;DQE_VALIDATED;LOW;2026-10-01;BIM_READY;OK;LOT_ELEC|BAT_01|N2|PRISE 2P+T;A_ANALYSER
OBJ_00165;PROJ_001;BAT_01;N2;B201;CHAMBRE_2;LOT_CAR;CAR_SOL;OBJ_00165;CAR-120-001;Carrelage 120x120;CARRELAGE 120X120;16.0;m²;28000.0;448000.0;LOT_CAR;CAR_SOL;default;BAT_01;N2;B201;CHAMBRE_2;COMMUN_BATIMENT;4 x 4;;IFC_00165;;;;;;;;;IfcCovering;19000.0;304000.0;IMPORT;SP2I Procurement;NON_COMMENCE;DQE_VALIDATED;LOW;2026-10-01;BIM_READY;OK;LOT_CAR|BAT_01|N2|CARRELAGE 120X120;A_ANALYSER
OBJ_00166;PROJ_001;BAT_01;N2;B201;CHAMBRE_2;LOT_FP;FP_BA13;OBJ_00166;FP-001;Faux plafond BA13;FAUX PLAFOND BA13;16.0;m²;18000.0;288000.0;LOT_FP;FP_BA13;default;BAT_01;N2;B201;CHAMBRE_2;COMMUN_BATIMENT;4 x 4;;IFC_00166;;;;;;;;;IfcCovering;14000.0;224000.0;IMPORT;SP2I Procurement;NON_COMMENCE;DQE_VALIDATED;LOW;2026-10-01;BIM_READY;OK;LOT_FP|BAT_01|N2|FAUX PLAFOND BA13;A_ANALYSER
OBJ_00167;PROJ_001;BAT_01;N2;B201;CHAMBRE_2;LOT_PNT;PNT_MUR;OBJ_00167;PNT-001;Peinture satinée murs;PEINTURE SATINÉE MURS;16.0;m²;6500.0;104000.0;LOT_PNT;PNT_MUR;peinture;BAT_01;N2;B201;CHAMBRE_2;COMMUN_BATIMENT;4 x 4;;IFC_00167;;;;;;;;;IfcCovering;5000.0;80000.0;IMPORT;SP2I Procurement;NON_COMMENCE;DQE_VALIDATED;LOW;2026-10-01;BIM_READY;OK;LOT_PNT|BAT_01|N2|PEINTURE SATINÉE MURS;A_ANALYSER
OBJ_00168;PROJ_001;BAT_01;N2;B201;CHAMBRE_2;LOT_CVC;CVC_UI;OBJ_00168;CVC-UI-001;Split mural;SPLIT MURAL;1.0;u;450000.0;450000.0;LOT_CVC;CVC_UI;default;BAT_01;N2;B201;CHAMBRE_2;COMMUN_BATIMENT;Quantité forfaitaire;;IFC_00168;;;;;;;;;IfcUnitaryEquipment;320000.0;320000.0;IMPORT;SP2I Procurement;NON_COMMENCE;DQE_VALIDATED;LOW;2026-10-01;BIM_READY;OK;LOT_CVC|BAT_01|N2|SPLIT MURAL;A_ANALYSER
OBJ_00169;PROJ_001;BAT_01;N2;B201;CHAMBRE_3;LOT_ELEC;ELEC_EN;OBJ_00169;ELEC-EN-001;Spot LED encastré;SPOT LED ENCASTRÉ;8.0;u;15000.0;120000.0;LOT_ELEC;ELEC_EN;default;BAT_01;N2;B201;CHAMBRE_3;COMMUN_BATIMENT;Quantité forfaitaire;;IFC_00169;;;;;;;;;IfcLightFixture;12000.0;96000.0;IMPORT;SP2I Procurement;NON_COMMENCE;DQE_VALIDATED;LOW;2026-10-01;BIM_READY;OK;LOT_ELEC|BAT_01|N2|SPOT LED ENCASTRÉ;A_ANALYSER
OBJ_00170;PROJ_001;BAT_01;N2;B201;CHAMBRE_3;LOT_ELEC;ELEC_PC;OBJ_00170;ELEC-PC-001;Prise 2P+T;PRISE 2P+T;6.0;u;12000.0;72000.0;LOT_ELEC;ELEC_PC;default;BAT_01;N2;B201;CHAMBRE_3;COMMUN_BATIMENT;Quantité forfaitaire;;IFC_00170;;;;;;;;;IfcOutlet;9000.0;54000.0;IMPORT;SP2I Procurement;NON_COMMENCE;DQE_VALIDATED;LOW;2026-10-01;BIM_READY;OK;LOT_ELEC|BAT_01|N2|PRISE 2P+T;A_ANALYSER
OBJ_00171;PROJ_001;BAT_01;N2;B201;CHAMBRE_3;LOT_CAR;CAR_SOL;OBJ_00171;CAR-120-001;Carrelage 120x120;CARRELAGE 120X120;18.0;m²;28000.0;504000.0;LOT_CAR;CAR_SOL;default;BAT_01;N2;B201;CHAMBRE_3;COMMUN_BATIMENT;4.5 x 4;;IFC_00171;;;;;;;;;IfcCovering;19000.0;342000.0;IMPORT;SP2I Procurement;NON_COMMENCE;DQE_VALIDATED;LOW;2026-10-01;BIM_READY;OK;LOT_CAR|BAT_01|N2|CARRELAGE 120X120;A_ANALYSER
OBJ_00172;PROJ_001;BAT_01;N2;B201;CHAMBRE_3;LOT_FP;FP_BA13;OBJ_00172;FP-001;Faux plafond BA13;FAUX PLAFOND BA13;18.0;m²;18000.0;324000.0;LOT_FP;FP_BA13;default;BAT_01;N2;B201;CHAMBRE_3;COMMUN_BATIMENT;4.5 x 4;;IFC_00172;;;;;;;;;IfcCovering;14000.0;252000.0;IMPORT;SP2I Procurement;NON_COMMENCE;DQE_VALIDATED;LOW;2026-10-01;BIM_READY;OK;LOT_FP|BAT_01|N2|FAUX PLAFOND BA13;A_ANALYSER
OBJ_00173;PROJ_001;BAT_01;N2;B201;CHAMBRE_3;LOT_PNT;PNT_MUR;OBJ_00173;PNT-001;Peinture satinée murs;PEINTURE SATINÉE MURS;18.0;m²;6500.0;117000.0;LOT_PNT;PNT_MUR;peinture;BAT_01;N2;B201;CHAMBRE_3;COMMUN_BATIMENT;4.5 x 4;;IFC_00173;;;;;;;;;IfcCovering;5000.0;90000.0;IMPORT;SP2I Procurement;NON_COMMENCE;DQE_VALIDATED;LOW;2026-10-01;BIM_READY;OK;LOT_PNT|BAT_01|N2|PEINTURE SATINÉE MURS;A_ANALYSER
OBJ_00174;PROJ_001;BAT_01;N2;B201;CHAMBRE_3;LOT_CVC;CVC_UI;OBJ_00174;CVC-UI-001;Split mural;SPLIT MURAL;1.0;u;450000.0;450000.0;LOT_CVC;CVC_UI;default;BAT_01;N2;B201;CHAMBRE_3;COMMUN_BATIMENT;Quantité forfaitaire;;IFC_00174;;;;;;;;;IfcUnitaryEquipment;320000.0;320000.0;IMPORT;SP2I Procurement;NON_COMMENCE;DQE_VALIDATED;LOW;2026-10-01;BIM_READY;OK;LOT_CVC|BAT_01|N2|SPLIT MURAL;A_ANALYSER
OBJ_00175;PROJ_001;BAT_01;N2;B201;SDB_PARENTALE;LOT_ELEC;ELEC_EN;OBJ_00175;ELEC-EN-001;Spot LED encastré;SPOT LED ENCASTRÉ;8.0;u;15000.0;120000.0;LOT_ELEC;ELEC_EN;default;BAT_01;N2;B201;SDB_PARENTALE;COMMUN_BATIMENT;Quantité forfaitaire;;IFC_00175;;;;;;;;;IfcLightFixture;12000.0;96000.0;IMPORT;SP2I Procurement;NON_COMMENCE;DQE_VALIDATED;LOW;2026-10-01;BIM_READY;OK;LOT_ELEC|BAT_01|N2|SPOT LED ENCASTRÉ;A_ANALYSER
OBJ_00176;PROJ_001;BAT_01;N2;B201;SDB_PARENTALE;LOT_ELEC;ELEC_PC;OBJ_00176;ELEC-PC-001;Prise 2P+T;PRISE 2P+T;6.0;u;12000.0;72000.0;LOT_ELEC;ELEC_PC;default;BAT_01;N2;B201;SDB_PARENTALE;COMMUN_BATIMENT;Quantité forfaitaire;;IFC_00176;;;;;;;;;IfcOutlet;9000.0;54000.0;IMPORT;SP2I Procurement;NON_COMMENCE;DQE_VALIDATED;LOW;2026-10-01;BIM_READY;OK;LOT_ELEC|BAT_01|N2|PRISE 2P+T;A_ANALYSER
OBJ_00177;PROJ_001;BAT_01;N2;B201;SDB_PARENTALE;LOT_CAR;CAR_SOL;OBJ_00177;CAR-120-001;Carrelage 120x120;CARRELAGE 120X120;8.0;m²;28000.0;224000.0;LOT_CAR;CAR_SOL;default;BAT_01;N2;B201;SDB_PARENTALE;COMMUN_BATIMENT;3 x 2.5;;IFC_00177;;;;;;;;;IfcCovering;19000.0;152000.0;IMPORT;SP2I Procurement;NON_COMMENCE;DQE_VALIDATED;LOW;2026-10-01;BIM_READY;OK;LOT_CAR|BAT_01|N2|CARRELAGE 120X120;A_ANALYSER
OBJ_00178;PROJ_001;BAT_01;N2;B201;SDB_PARENTALE;LOT_FP;FP_BA13;OBJ_00178;FP-001;Faux plafond BA13;FAUX PLAFOND BA13;8.0;m²;18000.0;144000.0;LOT_FP;FP_BA13;default;BAT_01;N2;B201;SDB_PARENTALE;COMMUN_BATIMENT;3 x 2.5;;IFC_00178;;;;;;;;;IfcCovering;14000.0;112000.0;IMPORT;SP2I Procurement;NON_COMMENCE;DQE_VALIDATED;LOW;2026-10-01;BIM_READY;OK;LOT_FP|BAT_01|N2|FAUX PLAFOND BA13;A_ANALYSER
OBJ_00179;PROJ_001;BAT_01;N2;B201;SDB_PARENTALE;LOT_PNT;PNT_MUR;OBJ_00179;PNT-001;Peinture satinée murs;PEINTURE SATINÉE MURS;8.0;m²;6500.0;52000.0;LOT_PNT;PNT_MUR;peinture;BAT_01;N2;B201;SDB_PARENTALE;COMMUN_BATIMENT;3 x 2.5;;IFC_00179;;;;;;;;;IfcCovering;5000.0;40000.0;IMPORT;SP2I Procurement;NON_COMMENCE;DQE_VALIDATED;LOW;2026-10-01;BIM_READY;OK;LOT_PNT|BAT_01|N2|PEINTURE SATINÉE MURS;A_ANALYSER
OBJ_00180;PROJ_001;BAT_01;N2;B201;SDB_PARENTALE;LOT_CVC;CVC_UI;OBJ_00180;CVC-UI-001;Split mural;SPLIT MURAL;1.0;u;450000.0;450000.0;LOT_CVC;CVC_UI;default;BAT_01;N2;B201;SDB_PARENTALE;COMMUN_BATIMENT;Quantité forfaitaire;;IFC_00180;;;;;;;;;IfcUnitaryEquipment;320000.0;320000.0;IMPORT;SP2I Procurement;NON_COMMENCE;DQE_VALIDATED;LOW;2026-10-01;BIM_READY;OK;LOT_CVC|BAT_01|N2|SPLIT MURAL;A_ANALYSER
OBJ_00181;PROJ_001;BAT_01;N2;B201;SDB_2;LOT_ELEC;ELEC_EN;OBJ_00181;ELEC-EN-001;Spot LED encastré;SPOT LED ENCASTRÉ;8.0;u;15000.0;120000.0;LOT_ELEC;ELEC_EN;default;BAT_01;N2;B201;SDB_2;COMMUN_BATIMENT;Quantité forfaitaire;;IFC_00181;;;;;;;;;IfcLightFixture;12000.0;96000.0;IMPORT;SP2I Procurement;NON_COMMENCE;DQE_VALIDATED;LOW;2026-10-01;BIM_READY;OK;LOT_ELEC|BAT_01|N2|SPOT LED ENCASTRÉ;A_ANALYSER
OBJ_00182;PROJ_001;BAT_01;N2;B201;SDB_2;LOT_ELEC;ELEC_PC;OBJ_00182;ELEC-PC-001;Prise 2P+T;PRISE 2P+T;6.0;u;12000.0;72000.0;LOT_ELEC;ELEC_PC;default;BAT_01;N2;B201;SDB_2;COMMUN_BATIMENT;Quantité forfaitaire;;IFC_00182;;;;;;;;;IfcOutlet;9000.0;54000.0;IMPORT;SP2I Procurement;NON_COMMENCE;DQE_VALIDATED;LOW;2026-10-01;BIM_READY;OK;LOT_ELEC|BAT_01|N2|PRISE 2P+T;A_ANALYSER
OBJ_00183;PROJ_001;BAT_01;N2;B201;SDB_2;LOT_CAR;CAR_SOL;OBJ_00183;CAR-120-001;Carrelage 120x120;CARRELAGE 120X120;4.2;m²;28000.0;117600.0;LOT_CAR;CAR_SOL;default;BAT_01;N2;B201;SDB_2;COMMUN_BATIMENT;2 x 2.1;;IFC_00183;;;;;;;;;IfcCovering;19000.0;79800.0;IMPORT;SP2I Procurement;NON_COMMENCE;DQE_VALIDATED;LOW;2026-10-01;BIM_READY;OK;LOT_CAR|BAT_01|N2|CARRELAGE 120X120;A_ANALYSER
OBJ_00184;PROJ_001;BAT_01;N2;B201;SDB_2;LOT_FP;FP_BA13;OBJ_00184;FP-001;Faux plafond BA13;FAUX PLAFOND BA13;4.2;m²;18000.0;75600.0;LOT_FP;FP_BA13;default;BAT_01;N2;B201;SDB_2;COMMUN_BATIMENT;2 x 2.1;;IFC_00184;;;;;;;;;IfcCovering;14000.0;58800.0;IMPORT;SP2I Procurement;NON_COMMENCE;DQE_VALIDATED;LOW;2026-10-01;BIM_READY;OK;LOT_FP|BAT_01|N2|FAUX PLAFOND BA13;A_ANALYSER
OBJ_00185;PROJ_001;BAT_01;N2;B201;SDB_2;LOT_PNT;PNT_MUR;OBJ_00185;PNT-001;Peinture satinée murs;PEINTURE SATINÉE MURS;4.2;m²;6500.0;27300.0;LOT_PNT;PNT_MUR;peinture;BAT_01;N2;B201;SDB_2;COMMUN_BATIMENT;2 x 2.1;;IFC_00185;;;;;;;;;IfcCovering;5000.0;21000.0;IMPORT;SP2I Procurement;NON_COMMENCE;DQE_VALIDATED;LOW;2026-10-01;BIM_READY;OK;LOT_PNT|BAT_01|N2|PEINTURE SATINÉE MURS;A_ANALYSER
OBJ_00186;PROJ_001;BAT_01;N2;B201;SDB_2;LOT_CVC;CVC_UI;OBJ_00186;CVC-UI-001;Split mural;SPLIT MURAL;1.0;u;450000.0;450000.0;LOT_CVC;CVC_UI;default;BAT_01;N2;B201;SDB_2;COMMUN_BATIMENT;Quantité forfaitaire;;IFC_00186;;;;;;;;;IfcUnitaryEquipment;320000.0;320000.0;IMPORT;SP2I Procurement;NON_COMMENCE;DQE_VALIDATED;LOW;2026-10-01;BIM_READY;OK;LOT_CVC|BAT_01|N2|SPLIT MURAL;A_ANALYSER
OBJ_00187;PROJ_001;BAT_01;N2;B201;BALCON;LOT_ELEC;ELEC_EN;OBJ_00187;ELEC-EN-001;Spot LED encastré;SPOT LED ENCASTRÉ;8.0;u;15000.0;120000.0;LOT_ELEC;ELEC_EN;default;BAT_01;N2;B201;BALCON;COMMUN_BATIMENT;Quantité forfaitaire;;IFC_00187;;;;;;;;;IfcLightFixture;12000.0;96000.0;IMPORT;SP2I Procurement;NON_COMMENCE;DQE_VALIDATED;LOW;2026-10-01;BIM_READY;OK;LOT_ELEC|BAT_01|N2|SPOT LED ENCASTRÉ;A_ANALYSER
OBJ_00188;PROJ_001;BAT_01;N2;B201;BALCON;LOT_ELEC;ELEC_PC;OBJ_00188;ELEC-PC-001;Prise 2P+T;PRISE 2P+T;6.0;u;12000.0;72000.0;LOT_ELEC;ELEC_PC;default;BAT_01;N2;B201;BALCON;COMMUN_BATIMENT;Quantité forfaitaire;;IFC_00188;;;;;;;;;IfcOutlet;9000.0;54000.0;IMPORT;SP2I Procurement;NON_COMMENCE;DQE_VALIDATED;LOW;2026-10-01;BIM_READY;OK;LOT_ELEC|BAT_01|N2|PRISE 2P+T;A_ANALYSER
OBJ_00189;PROJ_001;BAT_01;N2;B201;BALCON;LOT_CAR;CAR_SOL;OBJ_00189;CAR-120-001;Carrelage 120x120;CARRELAGE 120X120;22.0;m²;28000.0;616000.0;LOT_CAR;CAR_SOL;default;BAT_01;N2;B201;BALCON;COMMUN_BATIMENT;11 x 2;;IFC_00189;;;;;;;;;IfcCovering;19000.0;418000.0;IMPORT;SP2I Procurement;NON_COMMENCE;DQE_VALIDATED;LOW;2026-10-01;BIM_READY;OK;LOT_CAR|BAT_01|N2|CARRELAGE 120X120;A_ANALYSER
OBJ_00190;PROJ_001;BAT_01;N2;B201;BALCON;LOT_FP;FP_BA13;OBJ_00190;FP-001;Faux plafond BA13;FAUX PLAFOND BA13;22.0;m²;18000.0;396000.0;LOT_FP;FP_BA13;default;BAT_01;N2;B201;BALCON;COMMUN_BATIMENT;11 x 2;;IFC_00190;;;;;;;;;IfcCovering;14000.0;308000.0;IMPORT;SP2I Procurement;NON_COMMENCE;DQE_VALIDATED;LOW;2026-10-01;BIM_READY;OK;LOT_FP|BAT_01|N2|FAUX PLAFOND BA13;A_ANALYSER
OBJ_00191;PROJ_001;BAT_01;N2;B201;BALCON;LOT_PNT;PNT_MUR;OBJ_00191;PNT-001;Peinture satinée murs;PEINTURE SATINÉE MURS;22.0;m²;6500.0;143000.0;LOT_PNT;PNT_MUR;peinture;BAT_01;N2;B201;BALCON;COMMUN_BATIMENT;11 x 2;;IFC_00191;;;;;;;;;IfcCovering;5000.0;110000.0;IMPORT;SP2I Procurement;NON_COMMENCE;DQE_VALIDATED;LOW;2026-10-01;BIM_READY;OK;LOT_PNT|BAT_01|N2|PEINTURE SATINÉE MURS;A_ANALYSER
OBJ_00192;PROJ_001;BAT_01;N2;B201;BALCON;LOT_CVC;CVC_UI;OBJ_00192;CVC-UI-001;Split mural;SPLIT MURAL;1.0;u;450000.0;450000.0;LOT_CVC;CVC_UI;default;BAT_01;N2;B201;BALCON;COMMUN_BATIMENT;Quantité forfaitaire;;IFC_00192;;;;;;;;;IfcUnitaryEquipment;320000.0;320000.0;IMPORT;SP2I Procurement;NON_COMMENCE;DQE_VALIDATED;LOW;2026-10-01;BIM_READY;OK;LOT_CVC|BAT_01|N2|SPLIT MURAL;A_ANALYSER
OBJ_00193;PROJ_001;BAT_01;N3;A301;SEJOUR;LOT_ELEC;ELEC_EN;OBJ_00193;ELEC-EN-001;Spot LED encastré;SPOT LED ENCASTRÉ;24.0;u;15000.0;360000.0;LOT_ELEC;ELEC_EN;default;BAT_01;N3;A301;SEJOUR;COMMUN_BATIMENT;Quantité forfaitaire;;IFC_00193;;;;;;;;;IfcLightFixture;12000.0;288000.0;IMPORT;SP2I Procurement;NON_COMMENCE;DQE_VALIDATED;LOW;2026-10-01;BIM_READY;OK;LOT_ELEC|BAT_01|N3|SPOT LED ENCASTRÉ;A_ANALYSER
OBJ_00194;PROJ_001;BAT_01;N3;A301;SEJOUR;LOT_ELEC;ELEC_PC;OBJ_00194;ELEC-PC-001;Prise 2P+T;PRISE 2P+T;18.0;u;12000.0;216000.0;LOT_ELEC;ELEC_PC;default;BAT_01;N3;A301;SEJOUR;COMMUN_BATIMENT;Quantité forfaitaire;;IFC_00194;;;;;;;;;IfcOutlet;9000.0;162000.0;IMPORT;SP2I Procurement;NON_COMMENCE;DQE_VALIDATED;LOW;2026-10-01;BIM_READY;OK;LOT_ELEC|BAT_01|N3|PRISE 2P+T;A_ANALYSER
OBJ_00195;PROJ_001;BAT_01;N3;A301;SEJOUR;LOT_CAR;CAR_SOL;OBJ_00195;CAR-120-001;Carrelage 120x120;CARRELAGE 120X120;70.0;m²;28000.0;1960000.0;LOT_CAR;CAR_SOL;default;BAT_01;N3;A301;SEJOUR;COMMUN_BATIMENT;10 x 7;;IFC_00195;;;;;;;;;IfcCovering;19000.0;1330000.0;IMPORT;SP2I Procurement;NON_COMMENCE;DQE_VALIDATED;LOW;2026-10-01;BIM_READY;OK;LOT_CAR|BAT_01|N3|CARRELAGE 120X120;A_ANALYSER
OBJ_00196;PROJ_001;BAT_01;N3;A301;SEJOUR;LOT_FP;FP_BA13;OBJ_00196;FP-001;Faux plafond BA13;FAUX PLAFOND BA13;70.0;m²;18000.0;1260000.0;LOT_FP;FP_BA13;default;BAT_01;N3;A301;SEJOUR;COMMUN_BATIMENT;10 x 7;;IFC_00196;;;;;;;;;IfcCovering;14000.0;980000.0;IMPORT;SP2I Procurement;NON_COMMENCE;DQE_VALIDATED;LOW;2026-10-01;BIM_READY;OK;LOT_FP|BAT_01|N3|FAUX PLAFOND BA13;A_ANALYSER
OBJ_00197;PROJ_001;BAT_01;N3;A301;SEJOUR;LOT_PNT;PNT_MUR;OBJ_00197;PNT-001;Peinture satinée murs;PEINTURE SATINÉE MURS;70.0;m²;6500.0;455000.0;LOT_PNT;PNT_MUR;peinture;BAT_01;N3;A301;SEJOUR;COMMUN_BATIMENT;10 x 7;;IFC_00197;;;;;;;;;IfcCovering;5000.0;350000.0;IMPORT;SP2I Procurement;NON_COMMENCE;DQE_VALIDATED;LOW;2026-10-01;BIM_READY;OK;LOT_PNT|BAT_01|N3|PEINTURE SATINÉE MURS;A_ANALYSER
OBJ_00198;PROJ_001;BAT_01;N3;A301;SEJOUR;LOT_CVC;CVC_UI;OBJ_00198;CVC-UI-001;Split mural;SPLIT MURAL;1.0;u;450000.0;450000.0;LOT_CVC;CVC_UI;default;BAT_01;N3;A301;SEJOUR;COMMUN_BATIMENT;Quantité forfaitaire;;IFC_00198;;;;;;;;;IfcUnitaryEquipment;320000.0;320000.0;IMPORT;SP2I Procurement;NON_COMMENCE;DQE_VALIDATED;LOW;2026-10-01;BIM_READY;OK;LOT_CVC|BAT_01|N3|SPLIT MURAL;A_ANALYSER
OBJ_00199;PROJ_001;BAT_01;N3;A301;CUISINE;LOT_ELEC;ELEC_EN;OBJ_00199;ELEC-EN-001;Spot LED encastré;SPOT LED ENCASTRÉ;8.0;u;15000.0;120000.0;LOT_ELEC;ELEC_EN;default;BAT_01;N3;A301;CUISINE;COMMUN_BATIMENT;Quantité forfaitaire;;IFC_00199;;;;;;;;;IfcLightFixture;12000.0;96000.0;IMPORT;SP2I Procurement;NON_COMMENCE;DQE_VALIDATED;LOW;2026-10-01;BIM_READY;OK;LOT_ELEC|BAT_01|N3|SPOT LED ENCASTRÉ;A_ANALYSER
OBJ_00200;PROJ_001;BAT_01;N3;A301;CUISINE;LOT_ELEC;ELEC_PC;OBJ_00200;ELEC-PC-001;Prise 2P+T;PRISE 2P+T;6.0;u;12000.0;72000.0;LOT_ELEC;ELEC_PC;default;BAT_01;N3;A301;CUISINE;COMMUN_BATIMENT;Quantité forfaitaire;;IFC_00200;;;;;;;;;IfcOutlet;9000.0;54000.0;IMPORT;SP2I Procurement;NON_COMMENCE;DQE_VALIDATED;LOW;2026-10-01;BIM_READY;OK;LOT_ELEC|BAT_01|N3|PRISE 2P+T;A_ANALYSER
OBJ_00201;PROJ_001;BAT_01;N3;A301;CUISINE;LOT_CAR;CAR_SOL;OBJ_00201;CAR-120-001;Carrelage 120x120;CARRELAGE 120X120;18.0;m²;28000.0;504000.0;LOT_CAR;CAR_SOL;default;BAT_01;N3;A301;CUISINE;COMMUN_BATIMENT;6 x 3;;IFC_00201;;;;;;;;;IfcCovering;19000.0;342000.0;IMPORT;SP2I Procurement;NON_COMMENCE;DQE_VALIDATED;LOW;2026-10-01;BIM_READY;OK;LOT_CAR|BAT_01|N3|CARRELAGE 120X120;A_ANALYSER
OBJ_00202;PROJ_001;BAT_01;N3;A301;CUISINE;LOT_FP;FP_BA13;OBJ_00202;FP-001;Faux plafond BA13;FAUX PLAFOND BA13;18.0;m²;18000.0;324000.0;LOT_FP;FP_BA13;default;BAT_01;N3;A301;CUISINE;COMMUN_BATIMENT;6 x 3;;IFC_00202;;;;;;;;;IfcCovering;14000.0;252000.0;IMPORT;SP2I Procurement;NON_COMMENCE;DQE_VALIDATED;LOW;2026-10-01;BIM_READY;OK;LOT_FP|BAT_01|N3|FAUX PLAFOND BA13;A_ANALYSER
OBJ_00203;PROJ_001;BAT_01;N3;A301;CUISINE;LOT_PNT;PNT_MUR;OBJ_00203;PNT-001;Peinture satinée murs;PEINTURE SATINÉE MURS;18.0;m²;6500.0;117000.0;LOT_PNT;PNT_MUR;peinture;BAT_01;N3;A301;CUISINE;COMMUN_BATIMENT;6 x 3;;IFC_00203;;;;;;;;;IfcCovering;5000.0;90000.0;IMPORT;SP2I Procurement;NON_COMMENCE;DQE_VALIDATED;LOW;2026-10-01;BIM_READY;OK;LOT_PNT|BAT_01|N3|PEINTURE SATINÉE MURS;A_ANALYSER
OBJ_00204;PROJ_001;BAT_01;N3;A301;CUISINE;LOT_CVC;CVC_UI;OBJ_00204;CVC-UI-001;Split mural;SPLIT MURAL;1.0;u;450000.0;450000.0;LOT_CVC;CVC_UI;default;BAT_01;N3;A301;CUISINE;COMMUN_BATIMENT;Quantité forfaitaire;;IFC_00204;;;;;;;;;IfcUnitaryEquipment;320000.0;320000.0;IMPORT;SP2I Procurement;NON_COMMENCE;DQE_VALIDATED;LOW;2026-10-01;BIM_READY;OK;LOT_CVC|BAT_01|N3|SPLIT MURAL;A_ANALYSER
OBJ_00205;PROJ_001;BAT_01;N3;A301;CHAMBRE_1;LOT_ELEC;ELEC_EN;OBJ_00205;ELEC-EN-001;Spot LED encastré;SPOT LED ENCASTRÉ;8.0;u;15000.0;120000.0;LOT_ELEC;ELEC_EN;default;BAT_01;N3;A301;CHAMBRE_1;COMMUN_BATIMENT;Quantité forfaitaire;;IFC_00205;;;;;;;;;IfcLightFixture;12000.0;96000.0;IMPORT;SP2I Procurement;NON_COMMENCE;DQE_VALIDATED;LOW;2026-10-01;BIM_READY;OK;LOT_ELEC|BAT_01|N3|SPOT LED ENCASTRÉ;A_ANALYSER
OBJ_00206;PROJ_001;BAT_01;N3;A301;CHAMBRE_1;LOT_ELEC;ELEC_PC;OBJ_00206;ELEC-PC-001;Prise 2P+T;PRISE 2P+T;6.0;u;12000.0;72000.0;LOT_ELEC;ELEC_PC;default;BAT_01;N3;A301;CHAMBRE_1;COMMUN_BATIMENT;Quantité forfaitaire;;IFC_00206;;;;;;;;;IfcOutlet;9000.0;54000.0;IMPORT;SP2I Procurement;NON_COMMENCE;DQE_VALIDATED;LOW;2026-10-01;BIM_READY;OK;LOT_ELEC|BAT_01|N3|PRISE 2P+T;A_ANALYSER
OBJ_00207;PROJ_001;BAT_01;N3;A301;CHAMBRE_1;LOT_CAR;CAR_SOL;OBJ_00207;CAR-120-001;Carrelage 120x120;CARRELAGE 120X120;27.0;m²;28000.0;756000.0;LOT_CAR;CAR_SOL;default;BAT_01;N3;A301;CHAMBRE_1;COMMUN_BATIMENT;6 x 4.5;;IFC_00207;;;;;;;;;IfcCovering;19000.0;513000.0;IMPORT;SP2I Procurement;NON_COMMENCE;DQE_VALIDATED;LOW;2026-10-01;BIM_READY;OK;LOT_CAR|BAT_01|N3|CARRELAGE 120X120;A_ANALYSER
OBJ_00208;PROJ_001;BAT_01;N3;A301;CHAMBRE_1;LOT_FP;FP_BA13;OBJ_00208;FP-001;Faux plafond BA13;FAUX PLAFOND BA13;27.0;m²;18000.0;486000.0;LOT_FP;FP_BA13;default;BAT_01;N3;A301;CHAMBRE_1;COMMUN_BATIMENT;6 x 4.5;;IFC_00208;;;;;;;;;IfcCovering;14000.0;378000.0;IMPORT;SP2I Procurement;NON_COMMENCE;DQE_VALIDATED;LOW;2026-10-01;BIM_READY;OK;LOT_FP|BAT_01|N3|FAUX PLAFOND BA13;A_ANALYSER
OBJ_00209;PROJ_001;BAT_01;N3;A301;CHAMBRE_1;LOT_PNT;PNT_MUR;OBJ_00209;PNT-001;Peinture satinée murs;PEINTURE SATINÉE MURS;27.0;m²;6500.0;175500.0;LOT_PNT;PNT_MUR;peinture;BAT_01;N3;A301;CHAMBRE_1;COMMUN_BATIMENT;6 x 4.5;;IFC_00209;;;;;;;;;IfcCovering;5000.0;135000.0;IMPORT;SP2I Procurement;NON_COMMENCE;DQE_VALIDATED;LOW;2026-10-01;BIM_READY;OK;LOT_PNT|BAT_01|N3|PEINTURE SATINÉE MURS;A_ANALYSER
OBJ_00210;PROJ_001;BAT_01;N3;A301;CHAMBRE_1;LOT_CVC;CVC_UI;OBJ_00210;CVC-UI-001;Split mural;SPLIT MURAL;1.0;u;450000.0;450000.0;LOT_CVC;CVC_UI;default;BAT_01;N3;A301;CHAMBRE_1;COMMUN_BATIMENT;Quantité forfaitaire;;IFC_00210;;;;;;;;;IfcUnitaryEquipment;320000.0;320000.0;IMPORT;SP2I Procurement;NON_COMMENCE;DQE_VALIDATED;LOW;2026-10-01;BIM_READY;OK;LOT_CVC|BAT_01|N3|SPLIT MURAL;A_ANALYSER
OBJ_00211;PROJ_001;BAT_01;N3;A301;CHAMBRE_2;LOT_ELEC;ELEC_EN;OBJ_00211;ELEC-EN-001;Spot LED encastré;SPOT LED ENCASTRÉ;8.0;u;15000.0;120000.0;LOT_ELEC;ELEC_EN;default;BAT_01;N3;A301;CHAMBRE_2;COMMUN_BATIMENT;Quantité forfaitaire;;IFC_00211;;;;;;;;;IfcLightFixture;12000.0;96000.0;IMPORT;SP2I Procurement;NON_COMMENCE;DQE_VALIDATED;LOW;2026-10-01;BIM_READY;OK;LOT_ELEC|BAT_01|N3|SPOT LED ENCASTRÉ;A_ANALYSER
OBJ_00212;PROJ_001;BAT_01;N3;A301;CHAMBRE_2;LOT_ELEC;ELEC_PC;OBJ_00212;ELEC-PC-001;Prise 2P+T;PRISE 2P+T;6.0;u;12000.0;72000.0;LOT_ELEC;ELEC_PC;default;BAT_01;N3;A301;CHAMBRE_2;COMMUN_BATIMENT;Quantité forfaitaire;;IFC_00212;;;;;;;;;IfcOutlet;9000.0;54000.0;IMPORT;SP2I Procurement;NON_COMMENCE;DQE_VALIDATED;LOW;2026-10-01;BIM_READY;OK;LOT_ELEC|BAT_01|N3|PRISE 2P+T;A_ANALYSER
OBJ_00213;PROJ_001;BAT_01;N3;A301;CHAMBRE_2;LOT_CAR;CAR_SOL;OBJ_00213;CAR-120-001;Carrelage 120x120;CARRELAGE 120X120;16.0;m²;28000.0;448000.0;LOT_CAR;CAR_SOL;default;BAT_01;N3;A301;CHAMBRE_2;COMMUN_BATIMENT;4 x 4;;IFC_00213;;;;;;;;;IfcCovering;19000.0;304000.0;IMPORT;SP2I Procurement;NON_COMMENCE;DQE_VALIDATED;LOW;2026-10-01;BIM_READY;OK;LOT_CAR|BAT_01|N3|CARRELAGE 120X120;A_ANALYSER
OBJ_00214;PROJ_001;BAT_01;N3;A301;CHAMBRE_2;LOT_FP;FP_BA13;OBJ_00214;FP-001;Faux plafond BA13;FAUX PLAFOND BA13;16.0;m²;18000.0;288000.0;LOT_FP;FP_BA13;default;BAT_01;N3;A301;CHAMBRE_2;COMMUN_BATIMENT;4 x 4;;IFC_00214;;;;;;;;;IfcCovering;14000.0;224000.0;IMPORT;SP2I Procurement;NON_COMMENCE;DQE_VALIDATED;LOW;2026-10-01;BIM_READY;OK;LOT_FP|BAT_01|N3|FAUX PLAFOND BA13;A_ANALYSER
OBJ_00215;PROJ_001;BAT_01;N3;A301;CHAMBRE_2;LOT_PNT;PNT_MUR;OBJ_00215;PNT-001;Peinture satinée murs;PEINTURE SATINÉE MURS;16.0;m²;6500.0;104000.0;LOT_PNT;PNT_MUR;peinture;BAT_01;N3;A301;CHAMBRE_2;COMMUN_BATIMENT;4 x 4;;IFC_00215;;;;;;;;;IfcCovering;5000.0;80000.0;IMPORT;SP2I Procurement;NON_COMMENCE;DQE_VALIDATED;LOW;2026-10-01;BIM_READY;OK;LOT_PNT|BAT_01|N3|PEINTURE SATINÉE MURS;A_ANALYSER
OBJ_00216;PROJ_001;BAT_01;N3;A301;CHAMBRE_2;LOT_CVC;CVC_UI;OBJ_00216;CVC-UI-001;Split mural;SPLIT MURAL;1.0;u;450000.0;450000.0;LOT_CVC;CVC_UI;default;BAT_01;N3;A301;CHAMBRE_2;COMMUN_BATIMENT;Quantité forfaitaire;;IFC_00216;;;;;;;;;IfcUnitaryEquipment;320000.0;320000.0;IMPORT;SP2I Procurement;NON_COMMENCE;DQE_VALIDATED;LOW;2026-10-01;BIM_READY;OK;LOT_CVC|BAT_01|N3|SPLIT MURAL;A_ANALYSER
OBJ_00217;PROJ_001;BAT_01;N3;A301;CHAMBRE_3;LOT_ELEC;ELEC_EN;OBJ_00217;ELEC-EN-001;Spot LED encastré;SPOT LED ENCASTRÉ;8.0;u;15000.0;120000.0;LOT_ELEC;ELEC_EN;default;BAT_01;N3;A301;CHAMBRE_3;COMMUN_BATIMENT;Quantité forfaitaire;;IFC_00217;;;;;;;;;IfcLightFixture;12000.0;96000.0;IMPORT;SP2I Procurement;NON_COMMENCE;DQE_VALIDATED;LOW;2026-10-01;BIM_READY;OK;LOT_ELEC|BAT_01|N3|SPOT LED ENCASTRÉ;A_ANALYSER
OBJ_00218;PROJ_001;BAT_01;N3;A301;CHAMBRE_3;LOT_ELEC;ELEC_PC;OBJ_00218;ELEC-PC-001;Prise 2P+T;PRISE 2P+T;6.0;u;12000.0;72000.0;LOT_ELEC;ELEC_PC;default;BAT_01;N3;A301;CHAMBRE_3;COMMUN_BATIMENT;Quantité forfaitaire;;IFC_00218;;;;;;;;;IfcOutlet;9000.0;54000.0;IMPORT;SP2I Procurement;NON_COMMENCE;DQE_VALIDATED;LOW;2026-10-01;BIM_READY;OK;LOT_ELEC|BAT_01|N3|PRISE 2P+T;A_ANALYSER
OBJ_00219;PROJ_001;BAT_01;N3;A301;CHAMBRE_3;LOT_CAR;CAR_SOL;OBJ_00219;CAR-120-001;Carrelage 120x120;CARRELAGE 120X120;18.0;m²;28000.0;504000.0;LOT_CAR;CAR_SOL;default;BAT_01;N3;A301;CHAMBRE_3;COMMUN_BATIMENT;4.5 x 4;;IFC_00219;;;;;;;;;IfcCovering;19000.0;342000.0;IMPORT;SP2I Procurement;NON_COMMENCE;DQE_VALIDATED;LOW;2026-10-01;BIM_READY;OK;LOT_CAR|BAT_01|N3|CARRELAGE 120X120;A_ANALYSER
OBJ_00220;PROJ_001;BAT_01;N3;A301;CHAMBRE_3;LOT_FP;FP_BA13;OBJ_00220;FP-001;Faux plafond BA13;FAUX PLAFOND BA13;18.0;m²;18000.0;324000.0;LOT_FP;FP_BA13;default;BAT_01;N3;A301;CHAMBRE_3;COMMUN_BATIMENT;4.5 x 4;;IFC_00220;;;;;;;;;IfcCovering;14000.0;252000.0;IMPORT;SP2I Procurement;NON_COMMENCE;DQE_VALIDATED;LOW;2026-10-01;BIM_READY;OK;LOT_FP|BAT_01|N3|FAUX PLAFOND BA13;A_ANALYSER
OBJ_00221;PROJ_001;BAT_01;N3;A301;CHAMBRE_3;LOT_PNT;PNT_MUR;OBJ_00221;PNT-001;Peinture satinée murs;PEINTURE SATINÉE MURS;18.0;m²;6500.0;117000.0;LOT_PNT;PNT_MUR;peinture;BAT_01;N3;A301;CHAMBRE_3;COMMUN_BATIMENT;4.5 x 4;;IFC_00221;;;;;;;;;IfcCovering;5000.0;90000.0;IMPORT;SP2I Procurement;NON_COMMENCE;DQE_VALIDATED;LOW;2026-10-01;BIM_READY;OK;LOT_PNT|BAT_01|N3|PEINTURE SATINÉE MURS;A_ANALYSER
OBJ_00222;PROJ_001;BAT_01;N3;A301;CHAMBRE_3;LOT_CVC;CVC_UI;OBJ_00222;CVC-UI-001;Split mural;SPLIT MURAL;1.0;u;450000.0;450000.0;LOT_CVC;CVC_UI;default;BAT_01;N3;A301;CHAMBRE_3;COMMUN_BATIMENT;Quantité forfaitaire;;IFC_00222;;;;;;;;;IfcUnitaryEquipment;320000.0;320000.0;IMPORT;SP2I Procurement;NON_COMMENCE;DQE_VALIDATED;LOW;2026-10-01;BIM_READY;OK;LOT_CVC|BAT_01|N3|SPLIT MURAL;A_ANALYSER
OBJ_00223;PROJ_001;BAT_01;N3;A301;SDB_PARENTALE;LOT_ELEC;ELEC_EN;OBJ_00223;ELEC-EN-001;Spot LED encastré;SPOT LED ENCASTRÉ;8.0;u;15000.0;120000.0;LOT_ELEC;ELEC_EN;default;BAT_01;N3;A301;SDB_PARENTALE;COMMUN_BATIMENT;Quantité forfaitaire;;IFC_00223;;;;;;;;;IfcLightFixture;12000.0;96000.0;IMPORT;SP2I Procurement;NON_COMMENCE;DQE_VALIDATED;LOW;2026-10-01;BIM_READY;OK;LOT_ELEC|BAT_01|N3|SPOT LED ENCASTRÉ;A_ANALYSER
OBJ_00224;PROJ_001;BAT_01;N3;A301;SDB_PARENTALE;LOT_ELEC;ELEC_PC;OBJ_00224;ELEC-PC-001;Prise 2P+T;PRISE 2P+T;6.0;u;12000.0;72000.0;LOT_ELEC;ELEC_PC;default;BAT_01;N3;A301;SDB_PARENTALE;COMMUN_BATIMENT;Quantité forfaitaire;;IFC_00224;;;;;;;;;IfcOutlet;9000.0;54000.0;IMPORT;SP2I Procurement;NON_COMMENCE;DQE_VALIDATED;LOW;2026-10-01;BIM_READY;OK;LOT_ELEC|BAT_01|N3|PRISE 2P+T;A_ANALYSER
OBJ_00225;PROJ_001;BAT_01;N3;A301;SDB_PARENTALE;LOT_CAR;CAR_SOL;OBJ_00225;CAR-120-001;Carrelage 120x120;CARRELAGE 120X120;8.0;m²;28000.0;224000.0;LOT_CAR;CAR_SOL;default;BAT_01;N3;A301;SDB_PARENTALE;COMMUN_BATIMENT;3 x 2.5;;IFC_00225;;;;;;;;;IfcCovering;19000.0;152000.0;IMPORT;SP2I Procurement;NON_COMMENCE;DQE_VALIDATED;LOW;2026-10-01;BIM_READY;OK;LOT_CAR|BAT_01|N3|CARRELAGE 120X120;A_ANALYSER
OBJ_00226;PROJ_001;BAT_01;N3;A301;SDB_PARENTALE;LOT_FP;FP_BA13;OBJ_00226;FP-001;Faux plafond BA13;FAUX PLAFOND BA13;8.0;m²;18000.0;144000.0;LOT_FP;FP_BA13;default;BAT_01;N3;A301;SDB_PARENTALE;COMMUN_BATIMENT;3 x 2.5;;IFC_00226;;;;;;;;;IfcCovering;14000.0;112000.0;IMPORT;SP2I Procurement;NON_COMMENCE;DQE_VALIDATED;LOW;2026-10-01;BIM_READY;OK;LOT_FP|BAT_01|N3|FAUX PLAFOND BA13;A_ANALYSER
OBJ_00227;PROJ_001;BAT_01;N3;A301;SDB_PARENTALE;LOT_PNT;PNT_MUR;OBJ_00227;PNT-001;Peinture satinée murs;PEINTURE SATINÉE MURS;8.0;m²;6500.0;52000.0;LOT_PNT;PNT_MUR;peinture;BAT_01;N3;A301;SDB_PARENTALE;COMMUN_BATIMENT;3 x 2.5;;IFC_00227;;;;;;;;;IfcCovering;5000.0;40000.0;IMPORT;SP2I Procurement;NON_COMMENCE;DQE_VALIDATED;LOW;2026-10-01;BIM_READY;OK;LOT_PNT|BAT_01|N3|PEINTURE SATINÉE MURS;A_ANALYSER
OBJ_00228;PROJ_001;BAT_01;N3;A301;SDB_PARENTALE;LOT_CVC;CVC_UI;OBJ_00228;CVC-UI-001;Split mural;SPLIT MURAL;1.0;u;450000.0;450000.0;LOT_CVC;CVC_UI;default;BAT_01;N3;A301;SDB_PARENTALE;COMMUN_BATIMENT;Quantité forfaitaire;;IFC_00228;;;;;;;;;IfcUnitaryEquipment;320000.0;320000.0;IMPORT;SP2I Procurement;NON_COMMENCE;DQE_VALIDATED;LOW;2026-10-01;BIM_READY;OK;LOT_CVC|BAT_01|N3|SPLIT MURAL;A_ANALYSER
OBJ_00229;PROJ_001;BAT_01;N3;A301;SDB_2;LOT_ELEC;ELEC_EN;OBJ_00229;ELEC-EN-001;Spot LED encastré;SPOT LED ENCASTRÉ;8.0;u;15000.0;120000.0;LOT_ELEC;ELEC_EN;default;BAT_01;N3;A301;SDB_2;COMMUN_BATIMENT;Quantité forfaitaire;;IFC_00229;;;;;;;;;IfcLightFixture;12000.0;96000.0;IMPORT;SP2I Procurement;NON_COMMENCE;DQE_VALIDATED;LOW;2026-10-01;BIM_READY;OK;LOT_ELEC|BAT_01|N3|SPOT LED ENCASTRÉ;A_ANALYSER
OBJ_00230;PROJ_001;BAT_01;N3;A301;SDB_2;LOT_ELEC;ELEC_PC;OBJ_00230;ELEC-PC-001;Prise 2P+T;PRISE 2P+T;6.0;u;12000.0;72000.0;LOT_ELEC;ELEC_PC;default;BAT_01;N3;A301;SDB_2;COMMUN_BATIMENT;Quantité forfaitaire;;IFC_00230;;;;;;;;;IfcOutlet;9000.0;54000.0;IMPORT;SP2I Procurement;NON_COMMENCE;DQE_VALIDATED;LOW;2026-10-01;BIM_READY;OK;LOT_ELEC|BAT_01|N3|PRISE 2P+T;A_ANALYSER
OBJ_00231;PROJ_001;BAT_01;N3;A301;SDB_2;LOT_CAR;CAR_SOL;OBJ_00231;CAR-120-001;Carrelage 120x120;CARRELAGE 120X120;4.2;m²;28000.0;117600.0;LOT_CAR;CAR_SOL;default;BAT_01;N3;A301;SDB_2;COMMUN_BATIMENT;2 x 2.1;;IFC_00231;;;;;;;;;IfcCovering;19000.0;79800.0;IMPORT;SP2I Procurement;NON_COMMENCE;DQE_VALIDATED;LOW;2026-10-01;BIM_READY;OK;LOT_CAR|BAT_01|N3|CARRELAGE 120X120;A_ANALYSER
OBJ_00232;PROJ_001;BAT_01;N3;A301;SDB_2;LOT_FP;FP_BA13;OBJ_00232;FP-001;Faux plafond BA13;FAUX PLAFOND BA13;4.2;m²;18000.0;75600.0;LOT_FP;FP_BA13;default;BAT_01;N3;A301;SDB_2;COMMUN_BATIMENT;2 x 2.1;;IFC_00232;;;;;;;;;IfcCovering;14000.0;58800.0;IMPORT;SP2I Procurement;NON_COMMENCE;DQE_VALIDATED;LOW;2026-10-01;BIM_READY;OK;LOT_FP|BAT_01|N3|FAUX PLAFOND BA13;A_ANALYSER
OBJ_00233;PROJ_001;BAT_01;N3;A301;SDB_2;LOT_PNT;PNT_MUR;OBJ_00233;PNT-001;Peinture satinée murs;PEINTURE SATINÉE MURS;4.2;m²;6500.0;27300.0;LOT_PNT;PNT_MUR;peinture;BAT_01;N3;A301;SDB_2;COMMUN_BATIMENT;2 x 2.1;;IFC_00233;;;;;;;;;IfcCovering;5000.0;21000.0;IMPORT;SP2I Procurement;NON_COMMENCE;DQE_VALIDATED;LOW;2026-10-01;BIM_READY;OK;LOT_PNT|BAT_01|N3|PEINTURE SATINÉE MURS;A_ANALYSER
OBJ_00234;PROJ_001;BAT_01;N3;A301;SDB_2;LOT_CVC;CVC_UI;OBJ_00234;CVC-UI-001;Split mural;SPLIT MURAL;1.0;u;450000.0;450000.0;LOT_CVC;CVC_UI;default;BAT_01;N3;A301;SDB_2;COMMUN_BATIMENT;Quantité forfaitaire;;IFC_00234;;;;;;;;;IfcUnitaryEquipment;320000.0;320000.0;IMPORT;SP2I Procurement;NON_COMMENCE;DQE_VALIDATED;LOW;2026-10-01;BIM_READY;OK;LOT_CVC|BAT_01|N3|SPLIT MURAL;A_ANALYSER
OBJ_00235;PROJ_001;BAT_01;N3;A301;BALCON;LOT_ELEC;ELEC_EN;OBJ_00235;ELEC-EN-001;Spot LED encastré;SPOT LED ENCASTRÉ;8.0;u;15000.0;120000.0;LOT_ELEC;ELEC_EN;default;BAT_01;N3;A301;BALCON;COMMUN_BATIMENT;Quantité forfaitaire;;IFC_00235;;;;;;;;;IfcLightFixture;12000.0;96000.0;IMPORT;SP2I Procurement;NON_COMMENCE;DQE_VALIDATED;LOW;2026-10-01;BIM_READY;OK;LOT_ELEC|BAT_01|N3|SPOT LED ENCASTRÉ;A_ANALYSER
OBJ_00236;PROJ_001;BAT_01;N3;A301;BALCON;LOT_ELEC;ELEC_PC;OBJ_00236;ELEC-PC-001;Prise 2P+T;PRISE 2P+T;6.0;u;12000.0;72000.0;LOT_ELEC;ELEC_PC;default;BAT_01;N3;A301;BALCON;COMMUN_BATIMENT;Quantité forfaitaire;;IFC_00236;;;;;;;;;IfcOutlet;9000.0;54000.0;IMPORT;SP2I Procurement;NON_COMMENCE;DQE_VALIDATED;LOW;2026-10-01;BIM_READY;OK;LOT_ELEC|BAT_01|N3|PRISE 2P+T;A_ANALYSER
OBJ_00237;PROJ_001;BAT_01;N3;A301;BALCON;LOT_CAR;CAR_SOL;OBJ_00237;CAR-120-001;Carrelage 120x120;CARRELAGE 120X120;22.0;m²;28000.0;616000.0;LOT_CAR;CAR_SOL;default;BAT_01;N3;A301;BALCON;COMMUN_BATIMENT;11 x 2;;IFC_00237;;;;;;;;;IfcCovering;19000.0;418000.0;IMPORT;SP2I Procurement;NON_COMMENCE;DQE_VALIDATED;LOW;2026-10-01;BIM_READY;OK;LOT_CAR|BAT_01|N3|CARRELAGE 120X120;A_ANALYSER
OBJ_00238;PROJ_001;BAT_01;N3;A301;BALCON;LOT_FP;FP_BA13;OBJ_00238;FP-001;Faux plafond BA13;FAUX PLAFOND BA13;22.0;m²;18000.0;396000.0;LOT_FP;FP_BA13;default;BAT_01;N3;A301;BALCON;COMMUN_BATIMENT;11 x 2;;IFC_00238;;;;;;;;;IfcCovering;14000.0;308000.0;IMPORT;SP2I Procurement;NON_COMMENCE;DQE_VALIDATED;LOW;2026-10-01;BIM_READY;OK;LOT_FP|BAT_01|N3|FAUX PLAFOND BA13;A_ANALYSER
OBJ_00239;PROJ_001;BAT_01;N3;A301;BALCON;LOT_PNT;PNT_MUR;OBJ_00239;PNT-001;Peinture satinée murs;PEINTURE SATINÉE MURS;22.0;m²;6500.0;143000.0;LOT_PNT;PNT_MUR;peinture;BAT_01;N3;A301;BALCON;COMMUN_BATIMENT;11 x 2;;IFC_00239;;;;;;;;;IfcCovering;5000.0;110000.0;IMPORT;SP2I Procurement;NON_COMMENCE;DQE_VALIDATED;LOW;2026-10-01;BIM_READY;OK;LOT_PNT|BAT_01|N3|PEINTURE SATINÉE MURS;A_ANALYSER
OBJ_00240;PROJ_001;BAT_01;N3;A301;BALCON;LOT_CVC;CVC_UI;OBJ_00240;CVC-UI-001;Split mural;SPLIT MURAL;1.0;u;450000.0;450000.0;LOT_CVC;CVC_UI;default;BAT_01;N3;A301;BALCON;COMMUN_BATIMENT;Quantité forfaitaire;;IFC_00240;;;;;;;;;IfcUnitaryEquipment;320000.0;320000.0;IMPORT;SP2I Procurement;NON_COMMENCE;DQE_VALIDATED;LOW;2026-10-01;BIM_READY;OK;LOT_CVC|BAT_01|N3|SPLIT MURAL;A_ANALYSER
OBJ_00241;PROJ_001;BAT_01;N3;B301;SEJOUR;LOT_ELEC;ELEC_EN;OBJ_00241;ELEC-EN-001;Spot LED encastré;SPOT LED ENCASTRÉ;24.0;u;15000.0;360000.0;LOT_ELEC;ELEC_EN;default;BAT_01;N3;B301;SEJOUR;COMMUN_BATIMENT;Quantité forfaitaire;;IFC_00241;;;;;;;;;IfcLightFixture;12000.0;288000.0;IMPORT;SP2I Procurement;NON_COMMENCE;DQE_VALIDATED;LOW;2026-10-01;BIM_READY;OK;LOT_ELEC|BAT_01|N3|SPOT LED ENCASTRÉ;A_ANALYSER
OBJ_00242;PROJ_001;BAT_01;N3;B301;SEJOUR;LOT_ELEC;ELEC_PC;OBJ_00242;ELEC-PC-001;Prise 2P+T;PRISE 2P+T;18.0;u;12000.0;216000.0;LOT_ELEC;ELEC_PC;default;BAT_01;N3;B301;SEJOUR;COMMUN_BATIMENT;Quantité forfaitaire;;IFC_00242;;;;;;;;;IfcOutlet;9000.0;162000.0;IMPORT;SP2I Procurement;NON_COMMENCE;DQE_VALIDATED;LOW;2026-10-01;BIM_READY;OK;LOT_ELEC|BAT_01|N3|PRISE 2P+T;A_ANALYSER
OBJ_00243;PROJ_001;BAT_01;N3;B301;SEJOUR;LOT_CAR;CAR_SOL;OBJ_00243;CAR-120-001;Carrelage 120x120;CARRELAGE 120X120;70.0;m²;28000.0;1960000.0;LOT_CAR;CAR_SOL;default;BAT_01;N3;B301;SEJOUR;COMMUN_BATIMENT;10 x 7;;IFC_00243;;;;;;;;;IfcCovering;19000.0;1330000.0;IMPORT;SP2I Procurement;NON_COMMENCE;DQE_VALIDATED;LOW;2026-10-01;BIM_READY;OK;LOT_CAR|BAT_01|N3|CARRELAGE 120X120;A_ANALYSER
OBJ_00244;PROJ_001;BAT_01;N3;B301;SEJOUR;LOT_FP;FP_BA13;OBJ_00244;FP-001;Faux plafond BA13;FAUX PLAFOND BA13;70.0;m²;18000.0;1260000.0;LOT_FP;FP_BA13;default;BAT_01;N3;B301;SEJOUR;COMMUN_BATIMENT;10 x 7;;IFC_00244;;;;;;;;;IfcCovering;14000.0;980000.0;IMPORT;SP2I Procurement;NON_COMMENCE;DQE_VALIDATED;LOW;2026-10-01;BIM_READY;OK;LOT_FP|BAT_01|N3|FAUX PLAFOND BA13;A_ANALYSER
OBJ_00245;PROJ_001;BAT_01;N3;B301;SEJOUR;LOT_PNT;PNT_MUR;OBJ_00245;PNT-001;Peinture satinée murs;PEINTURE SATINÉE MURS;70.0;m²;6500.0;455000.0;LOT_PNT;PNT_MUR;peinture;BAT_01;N3;B301;SEJOUR;COMMUN_BATIMENT;10 x 7;;IFC_00245;;;;;;;;;IfcCovering;5000.0;350000.0;IMPORT;SP2I Procurement;NON_COMMENCE;DQE_VALIDATED;LOW;2026-10-01;BIM_READY;OK;LOT_PNT|BAT_01|N3|PEINTURE SATINÉE MURS;A_ANALYSER
OBJ_00246;PROJ_001;BAT_01;N3;B301;SEJOUR;LOT_CVC;CVC_UI;OBJ_00246;CVC-UI-001;Split mural;SPLIT MURAL;1.0;u;450000.0;450000.0;LOT_CVC;CVC_UI;default;BAT_01;N3;B301;SEJOUR;COMMUN_BATIMENT;Quantité forfaitaire;;IFC_00246;;;;;;;;;IfcUnitaryEquipment;320000.0;320000.0;IMPORT;SP2I Procurement;NON_COMMENCE;DQE_VALIDATED;LOW;2026-10-01;BIM_READY;OK;LOT_CVC|BAT_01|N3|SPLIT MURAL;A_ANALYSER
OBJ_00247;PROJ_001;BAT_01;N3;B301;CUISINE;LOT_ELEC;ELEC_EN;OBJ_00247;ELEC-EN-001;Spot LED encastré;SPOT LED ENCASTRÉ;8.0;u;15000.0;120000.0;LOT_ELEC;ELEC_EN;default;BAT_01;N3;B301;CUISINE;COMMUN_BATIMENT;Quantité forfaitaire;;IFC_00247;;;;;;;;;IfcLightFixture;12000.0;96000.0;IMPORT;SP2I Procurement;NON_COMMENCE;DQE_VALIDATED;LOW;2026-10-01;BIM_READY;OK;LOT_ELEC|BAT_01|N3|SPOT LED ENCASTRÉ;A_ANALYSER
OBJ_00248;PROJ_001;BAT_01;N3;B301;CUISINE;LOT_ELEC;ELEC_PC;OBJ_00248;ELEC-PC-001;Prise 2P+T;PRISE 2P+T;6.0;u;12000.0;72000.0;LOT_ELEC;ELEC_PC;default;BAT_01;N3;B301;CUISINE;COMMUN_BATIMENT;Quantité forfaitaire;;IFC_00248;;;;;;;;;IfcOutlet;9000.0;54000.0;IMPORT;SP2I Procurement;NON_COMMENCE;DQE_VALIDATED;LOW;2026-10-01;BIM_READY;OK;LOT_ELEC|BAT_01|N3|PRISE 2P+T;A_ANALYSER
OBJ_00249;PROJ_001;BAT_01;N3;B301;CUISINE;LOT_CAR;CAR_SOL;OBJ_00249;CAR-120-001;Carrelage 120x120;CARRELAGE 120X120;18.0;m²;28000.0;504000.0;LOT_CAR;CAR_SOL;default;BAT_01;N3;B301;CUISINE;COMMUN_BATIMENT;6 x 3;;IFC_00249;;;;;;;;;IfcCovering;19000.0;342000.0;IMPORT;SP2I Procurement;NON_COMMENCE;DQE_VALIDATED;LOW;2026-10-01;BIM_READY;OK;LOT_CAR|BAT_01|N3|CARRELAGE 120X120;A_ANALYSER
OBJ_00250;PROJ_001;BAT_01;N3;B301;CUISINE;LOT_FP;FP_BA13;OBJ_00250;FP-001;Faux plafond BA13;FAUX PLAFOND BA13;18.0;m²;18000.0;324000.0;LOT_FP;FP_BA13;default;BAT_01;N3;B301;CUISINE;COMMUN_BATIMENT;6 x 3;;IFC_00250;;;;;;;;;IfcCovering;14000.0;252000.0;IMPORT;SP2I Procurement;NON_COMMENCE;DQE_VALIDATED;LOW;2026-10-01;BIM_READY;OK;LOT_FP|BAT_01|N3|FAUX PLAFOND BA13;A_ANALYSER
OBJ_00251;PROJ_001;BAT_01;N3;B301;CUISINE;LOT_PNT;PNT_MUR;OBJ_00251;PNT-001;Peinture satinée murs;PEINTURE SATINÉE MURS;18.0;m²;6500.0;117000.0;LOT_PNT;PNT_MUR;peinture;BAT_01;N3;B301;CUISINE;COMMUN_BATIMENT;6 x 3;;IFC_00251;;;;;;;;;IfcCovering;5000.0;90000.0;IMPORT;SP2I Procurement;NON_COMMENCE;DQE_VALIDATED;LOW;2026-10-01;BIM_READY;OK;LOT_PNT|BAT_01|N3|PEINTURE SATINÉE MURS;A_ANALYSER
OBJ_00252;PROJ_001;BAT_01;N3;B301;CUISINE;LOT_CVC;CVC_UI;OBJ_00252;CVC-UI-001;Split mural;SPLIT MURAL;1.0;u;450000.0;450000.0;LOT_CVC;CVC_UI;default;BAT_01;N3;B301;CUISINE;COMMUN_BATIMENT;Quantité forfaitaire;;IFC_00252;;;;;;;;;IfcUnitaryEquipment;320000.0;320000.0;IMPORT;SP2I Procurement;NON_COMMENCE;DQE_VALIDATED;LOW;2026-10-01;BIM_READY;OK;LOT_CVC|BAT_01|N3|SPLIT MURAL;A_ANALYSER
OBJ_00253;PROJ_001;BAT_01;N3;B301;CHAMBRE_1;LOT_ELEC;ELEC_EN;OBJ_00253;ELEC-EN-001;Spot LED encastré;SPOT LED ENCASTRÉ;8.0;u;15000.0;120000.0;LOT_ELEC;ELEC_EN;default;BAT_01;N3;B301;CHAMBRE_1;COMMUN_BATIMENT;Quantité forfaitaire;;IFC_00253;;;;;;;;;IfcLightFixture;12000.0;96000.0;IMPORT;SP2I Procurement;NON_COMMENCE;DQE_VALIDATED;LOW;2026-10-01;BIM_READY;OK;LOT_ELEC|BAT_01|N3|SPOT LED ENCASTRÉ;A_ANALYSER
OBJ_00254;PROJ_001;BAT_01;N3;B301;CHAMBRE_1;LOT_ELEC;ELEC_PC;OBJ_00254;ELEC-PC-001;Prise 2P+T;PRISE 2P+T;6.0;u;12000.0;72000.0;LOT_ELEC;ELEC_PC;default;BAT_01;N3;B301;CHAMBRE_1;COMMUN_BATIMENT;Quantité forfaitaire;;IFC_00254;;;;;;;;;IfcOutlet;9000.0;54000.0;IMPORT;SP2I Procurement;NON_COMMENCE;DQE_VALIDATED;LOW;2026-10-01;BIM_READY;OK;LOT_ELEC|BAT_01|N3|PRISE 2P+T;A_ANALYSER
OBJ_00255;PROJ_001;BAT_01;N3;B301;CHAMBRE_1;LOT_CAR;CAR_SOL;OBJ_00255;CAR-120-001;Carrelage 120x120;CARRELAGE 120X120;27.0;m²;28000.0;756000.0;LOT_CAR;CAR_SOL;default;BAT_01;N3;B301;CHAMBRE_1;COMMUN_BATIMENT;6 x 4.5;;IFC_00255;;;;;;;;;IfcCovering;19000.0;513000.0;IMPORT;SP2I Procurement;NON_COMMENCE;DQE_VALIDATED;LOW;2026-10-01;BIM_READY;OK;LOT_CAR|BAT_01|N3|CARRELAGE 120X120;A_ANALYSER
OBJ_00256;PROJ_001;BAT_01;N3;B301;CHAMBRE_1;LOT_FP;FP_BA13;OBJ_00256;FP-001;Faux plafond BA13;FAUX PLAFOND BA13;27.0;m²;18000.0;486000.0;LOT_FP;FP_BA13;default;BAT_01;N3;B301;CHAMBRE_1;COMMUN_BATIMENT;6 x 4.5;;IFC_00256;;;;;;;;;IfcCovering;14000.0;378000.0;IMPORT;SP2I Procurement;NON_COMMENCE;DQE_VALIDATED;LOW;2026-10-01;BIM_READY;OK;LOT_FP|BAT_01|N3|FAUX PLAFOND BA13;A_ANALYSER
OBJ_00257;PROJ_001;BAT_01;N3;B301;CHAMBRE_1;LOT_PNT;PNT_MUR;OBJ_00257;PNT-001;Peinture satinée murs;PEINTURE SATINÉE MURS;27.0;m²;6500.0;175500.0;LOT_PNT;PNT_MUR;peinture;BAT_01;N3;B301;CHAMBRE_1;COMMUN_BATIMENT;6 x 4.5;;IFC_00257;;;;;;;;;IfcCovering;5000.0;135000.0;IMPORT;SP2I Procurement;NON_COMMENCE;DQE_VALIDATED;LOW;2026-10-01;BIM_READY;OK;LOT_PNT|BAT_01|N3|PEINTURE SATINÉE MURS;A_ANALYSER
OBJ_00258;PROJ_001;BAT_01;N3;B301;CHAMBRE_1;LOT_CVC;CVC_UI;OBJ_00258;CVC-UI-001;Split mural;SPLIT MURAL;1.0;u;450000.0;450000.0;LOT_CVC;CVC_UI;default;BAT_01;N3;B301;CHAMBRE_1;COMMUN_BATIMENT;Quantité forfaitaire;;IFC_00258;;;;;;;;;IfcUnitaryEquipment;320000.0;320000.0;IMPORT;SP2I Procurement;NON_COMMENCE;DQE_VALIDATED;LOW;2026-10-01;BIM_READY;OK;LOT_CVC|BAT_01|N3|SPLIT MURAL;A_ANALYSER
OBJ_00259;PROJ_001;BAT_01;N3;B301;CHAMBRE_2;LOT_ELEC;ELEC_EN;OBJ_00259;ELEC-EN-001;Spot LED encastré;SPOT LED ENCASTRÉ;8.0;u;15000.0;120000.0;LOT_ELEC;ELEC_EN;default;BAT_01;N3;B301;CHAMBRE_2;COMMUN_BATIMENT;Quantité forfaitaire;;IFC_00259;;;;;;;;;IfcLightFixture;12000.0;96000.0;IMPORT;SP2I Procurement;NON_COMMENCE;DQE_VALIDATED;LOW;2026-10-01;BIM_READY;OK;LOT_ELEC|BAT_01|N3|SPOT LED ENCASTRÉ;A_ANALYSER
OBJ_00260;PROJ_001;BAT_01;N3;B301;CHAMBRE_2;LOT_ELEC;ELEC_PC;OBJ_00260;ELEC-PC-001;Prise 2P+T;PRISE 2P+T;6.0;u;12000.0;72000.0;LOT_ELEC;ELEC_PC;default;BAT_01;N3;B301;CHAMBRE_2;COMMUN_BATIMENT;Quantité forfaitaire;;IFC_00260;;;;;;;;;IfcOutlet;9000.0;54000.0;IMPORT;SP2I Procurement;NON_COMMENCE;DQE_VALIDATED;LOW;2026-10-01;BIM_READY;OK;LOT_ELEC|BAT_01|N3|PRISE 2P+T;A_ANALYSER
OBJ_00261;PROJ_001;BAT_01;N3;B301;CHAMBRE_2;LOT_CAR;CAR_SOL;OBJ_00261;CAR-120-001;Carrelage 120x120;CARRELAGE 120X120;16.0;m²;28000.0;448000.0;LOT_CAR;CAR_SOL;default;BAT_01;N3;B301;CHAMBRE_2;COMMUN_BATIMENT;4 x 4;;IFC_00261;;;;;;;;;IfcCovering;19000.0;304000.0;IMPORT;SP2I Procurement;NON_COMMENCE;DQE_VALIDATED;LOW;2026-10-01;BIM_READY;OK;LOT_CAR|BAT_01|N3|CARRELAGE 120X120;A_ANALYSER
OBJ_00262;PROJ_001;BAT_01;N3;B301;CHAMBRE_2;LOT_FP;FP_BA13;OBJ_00262;FP-001;Faux plafond BA13;FAUX PLAFOND BA13;16.0;m²;18000.0;288000.0;LOT_FP;FP_BA13;default;BAT_01;N3;B301;CHAMBRE_2;COMMUN_BATIMENT;4 x 4;;IFC_00262;;;;;;;;;IfcCovering;14000.0;224000.0;IMPORT;SP2I Procurement;NON_COMMENCE;DQE_VALIDATED;LOW;2026-10-01;BIM_READY;OK;LOT_FP|BAT_01|N3|FAUX PLAFOND BA13;A_ANALYSER
OBJ_00263;PROJ_001;BAT_01;N3;B301;CHAMBRE_2;LOT_PNT;PNT_MUR;OBJ_00263;PNT-001;Peinture satinée murs;PEINTURE SATINÉE MURS;16.0;m²;6500.0;104000.0;LOT_PNT;PNT_MUR;peinture;BAT_01;N3;B301;CHAMBRE_2;COMMUN_BATIMENT;4 x 4;;IFC_00263;;;;;;;;;IfcCovering;5000.0;80000.0;IMPORT;SP2I Procurement;NON_COMMENCE;DQE_VALIDATED;LOW;2026-10-01;BIM_READY;OK;LOT_PNT|BAT_01|N3|PEINTURE SATINÉE MURS;A_ANALYSER
OBJ_00264;PROJ_001;BAT_01;N3;B301;CHAMBRE_2;LOT_CVC;CVC_UI;OBJ_00264;CVC-UI-001;Split mural;SPLIT MURAL;1.0;u;450000.0;450000.0;LOT_CVC;CVC_UI;default;BAT_01;N3;B301;CHAMBRE_2;COMMUN_BATIMENT;Quantité forfaitaire;;IFC_00264;;;;;;;;;IfcUnitaryEquipment;320000.0;320000.0;IMPORT;SP2I Procurement;NON_COMMENCE;DQE_VALIDATED;LOW;2026-10-01;BIM_READY;OK;LOT_CVC|BAT_01|N3|SPLIT MURAL;A_ANALYSER
OBJ_00265;PROJ_001;BAT_01;N3;B301;CHAMBRE_3;LOT_ELEC;ELEC_EN;OBJ_00265;ELEC-EN-001;Spot LED encastré;SPOT LED ENCASTRÉ;8.0;u;15000.0;120000.0;LOT_ELEC;ELEC_EN;default;BAT_01;N3;B301;CHAMBRE_3;COMMUN_BATIMENT;Quantité forfaitaire;;IFC_00265;;;;;;;;;IfcLightFixture;12000.0;96000.0;IMPORT;SP2I Procurement;NON_COMMENCE;DQE_VALIDATED;LOW;2026-10-01;BIM_READY;OK;LOT_ELEC|BAT_01|N3|SPOT LED ENCASTRÉ;A_ANALYSER
OBJ_00266;PROJ_001;BAT_01;N3;B301;CHAMBRE_3;LOT_ELEC;ELEC_PC;OBJ_00266;ELEC-PC-001;Prise 2P+T;PRISE 2P+T;6.0;u;12000.0;72000.0;LOT_ELEC;ELEC_PC;default;BAT_01;N3;B301;CHAMBRE_3;COMMUN_BATIMENT;Quantité forfaitaire;;IFC_00266;;;;;;;;;IfcOutlet;9000.0;54000.0;IMPORT;SP2I Procurement;NON_COMMENCE;DQE_VALIDATED;LOW;2026-10-01;BIM_READY;OK;LOT_ELEC|BAT_01|N3|PRISE 2P+T;A_ANALYSER
OBJ_00267;PROJ_001;BAT_01;N3;B301;CHAMBRE_3;LOT_CAR;CAR_SOL;OBJ_00267;CAR-120-001;Carrelage 120x120;CARRELAGE 120X120;18.0;m²;28000.0;504000.0;LOT_CAR;CAR_SOL;default;BAT_01;N3;B301;CHAMBRE_3;COMMUN_BATIMENT;4.5 x 4;;IFC_00267;;;;;;;;;IfcCovering;19000.0;342000.0;IMPORT;SP2I Procurement;NON_COMMENCE;DQE_VALIDATED;LOW;2026-10-01;BIM_READY;OK;LOT_CAR|BAT_01|N3|CARRELAGE 120X120;A_ANALYSER
OBJ_00268;PROJ_001;BAT_01;N3;B301;CHAMBRE_3;LOT_FP;FP_BA13;OBJ_00268;FP-001;Faux plafond BA13;FAUX PLAFOND BA13;18.0;m²;18000.0;324000.0;LOT_FP;FP_BA13;default;BAT_01;N3;B301;CHAMBRE_3;COMMUN_BATIMENT;4.5 x 4;;IFC_00268;;;;;;;;;IfcCovering;14000.0;252000.0;IMPORT;SP2I Procurement;NON_COMMENCE;DQE_VALIDATED;LOW;2026-10-01;BIM_READY;OK;LOT_FP|BAT_01|N3|FAUX PLAFOND BA13;A_ANALYSER
OBJ_00269;PROJ_001;BAT_01;N3;B301;CHAMBRE_3;LOT_PNT;PNT_MUR;OBJ_00269;PNT-001;Peinture satinée murs;PEINTURE SATINÉE MURS;18.0;m²;6500.0;117000.0;LOT_PNT;PNT_MUR;peinture;BAT_01;N3;B301;CHAMBRE_3;COMMUN_BATIMENT;4.5 x 4;;IFC_00269;;;;;;;;;IfcCovering;5000.0;90000.0;IMPORT;SP2I Procurement;NON_COMMENCE;DQE_VALIDATED;LOW;2026-10-01;BIM_READY;OK;LOT_PNT|BAT_01|N3|PEINTURE SATINÉE MURS;A_ANALYSER
OBJ_00270;PROJ_001;BAT_01;N3;B301;CHAMBRE_3;LOT_CVC;CVC_UI;OBJ_00270;CVC-UI-001;Split mural;SPLIT MURAL;1.0;u;450000.0;450000.0;LOT_CVC;CVC_UI;default;BAT_01;N3;B301;CHAMBRE_3;COMMUN_BATIMENT;Quantité forfaitaire;;IFC_00270;;;;;;;;;IfcUnitaryEquipment;320000.0;320000.0;IMPORT;SP2I Procurement;NON_COMMENCE;DQE_VALIDATED;LOW;2026-10-01;BIM_READY;OK;LOT_CVC|BAT_01|N3|SPLIT MURAL;A_ANALYSER
OBJ_00271;PROJ_001;BAT_01;N3;B301;SDB_PARENTALE;LOT_ELEC;ELEC_EN;OBJ_00271;ELEC-EN-001;Spot LED encastré;SPOT LED ENCASTRÉ;8.0;u;15000.0;120000.0;LOT_ELEC;ELEC_EN;default;BAT_01;N3;B301;SDB_PARENTALE;COMMUN_BATIMENT;Quantité forfaitaire;;IFC_00271;;;;;;;;;IfcLightFixture;12000.0;96000.0;IMPORT;SP2I Procurement;NON_COMMENCE;DQE_VALIDATED;LOW;2026-10-01;BIM_READY;OK;LOT_ELEC|BAT_01|N3|SPOT LED ENCASTRÉ;A_ANALYSER
OBJ_00272;PROJ_001;BAT_01;N3;B301;SDB_PARENTALE;LOT_ELEC;ELEC_PC;OBJ_00272;ELEC-PC-001;Prise 2P+T;PRISE 2P+T;6.0;u;12000.0;72000.0;LOT_ELEC;ELEC_PC;default;BAT_01;N3;B301;SDB_PARENTALE;COMMUN_BATIMENT;Quantité forfaitaire;;IFC_00272;;;;;;;;;IfcOutlet;9000.0;54000.0;IMPORT;SP2I Procurement;NON_COMMENCE;DQE_VALIDATED;LOW;2026-10-01;BIM_READY;OK;LOT_ELEC|BAT_01|N3|PRISE 2P+T;A_ANALYSER
OBJ_00273;PROJ_001;BAT_01;N3;B301;SDB_PARENTALE;LOT_CAR;CAR_SOL;OBJ_00273;CAR-120-001;Carrelage 120x120;CARRELAGE 120X120;8.0;m²;28000.0;224000.0;LOT_CAR;CAR_SOL;default;BAT_01;N3;B301;SDB_PARENTALE;COMMUN_BATIMENT;3 x 2.5;;IFC_00273;;;;;;;;;IfcCovering;19000.0;152000.0;IMPORT;SP2I Procurement;NON_COMMENCE;DQE_VALIDATED;LOW;2026-10-01;BIM_READY;OK;LOT_CAR|BAT_01|N3|CARRELAGE 120X120;A_ANALYSER
OBJ_00274;PROJ_001;BAT_01;N3;B301;SDB_PARENTALE;LOT_FP;FP_BA13;OBJ_00274;FP-001;Faux plafond BA13;FAUX PLAFOND BA13;8.0;m²;18000.0;144000.0;LOT_FP;FP_BA13;default;BAT_01;N3;B301;SDB_PARENTALE;COMMUN_BATIMENT;3 x 2.5;;IFC_00274;;;;;;;;;IfcCovering;14000.0;112000.0;IMPORT;SP2I Procurement;NON_COMMENCE;DQE_VALIDATED;LOW;2026-10-01;BIM_READY;OK;LOT_FP|BAT_01|N3|FAUX PLAFOND BA13;A_ANALYSER
OBJ_00275;PROJ_001;BAT_01;N3;B301;SDB_PARENTALE;LOT_PNT;PNT_MUR;OBJ_00275;PNT-001;Peinture satinée murs;PEINTURE SATINÉE MURS;8.0;m²;6500.0;52000.0;LOT_PNT;PNT_MUR;peinture;BAT_01;N3;B301;SDB_PARENTALE;COMMUN_BATIMENT;3 x 2.5;;IFC_00275;;;;;;;;;IfcCovering;5000.0;40000.0;IMPORT;SP2I Procurement;NON_COMMENCE;DQE_VALIDATED;LOW;2026-10-01;BIM_READY;OK;LOT_PNT|BAT_01|N3|PEINTURE SATINÉE MURS;A_ANALYSER
OBJ_00276;PROJ_001;BAT_01;N3;B301;SDB_PARENTALE;LOT_CVC;CVC_UI;OBJ_00276;CVC-UI-001;Split mural;SPLIT MURAL;1.0;u;450000.0;450000.0;LOT_CVC;CVC_UI;default;BAT_01;N3;B301;SDB_PARENTALE;COMMUN_BATIMENT;Quantité forfaitaire;;IFC_00276;;;;;;;;;IfcUnitaryEquipment;320000.0;320000.0;IMPORT;SP2I Procurement;NON_COMMENCE;DQE_VALIDATED;LOW;2026-10-01;BIM_READY;OK;LOT_CVC|BAT_01|N3|SPLIT MURAL;A_ANALYSER
OBJ_00277;PROJ_001;BAT_01;N3;B301;SDB_2;LOT_ELEC;ELEC_EN;OBJ_00277;ELEC-EN-001;Spot LED encastré;SPOT LED ENCASTRÉ;8.0;u;15000.0;120000.0;LOT_ELEC;ELEC_EN;default;BAT_01;N3;B301;SDB_2;COMMUN_BATIMENT;Quantité forfaitaire;;IFC_00277;;;;;;;;;IfcLightFixture;12000.0;96000.0;IMPORT;SP2I Procurement;NON_COMMENCE;DQE_VALIDATED;LOW;2026-10-01;BIM_READY;OK;LOT_ELEC|BAT_01|N3|SPOT LED ENCASTRÉ;A_ANALYSER
OBJ_00278;PROJ_001;BAT_01;N3;B301;SDB_2;LOT_ELEC;ELEC_PC;OBJ_00278;ELEC-PC-001;Prise 2P+T;PRISE 2P+T;6.0;u;12000.0;72000.0;LOT_ELEC;ELEC_PC;default;BAT_01;N3;B301;SDB_2;COMMUN_BATIMENT;Quantité forfaitaire;;IFC_00278;;;;;;;;;IfcOutlet;9000.0;54000.0;IMPORT;SP2I Procurement;NON_COMMENCE;DQE_VALIDATED;LOW;2026-10-01;BIM_READY;OK;LOT_ELEC|BAT_01|N3|PRISE 2P+T;A_ANALYSER
OBJ_00279;PROJ_001;BAT_01;N3;B301;SDB_2;LOT_CAR;CAR_SOL;OBJ_00279;CAR-120-001;Carrelage 120x120;CARRELAGE 120X120;4.2;m²;28000.0;117600.0;LOT_CAR;CAR_SOL;default;BAT_01;N3;B301;SDB_2;COMMUN_BATIMENT;2 x 2.1;;IFC_00279;;;;;;;;;IfcCovering;19000.0;79800.0;IMPORT;SP2I Procurement;NON_COMMENCE;DQE_VALIDATED;LOW;2026-10-01;BIM_READY;OK;LOT_CAR|BAT_01|N3|CARRELAGE 120X120;A_ANALYSER
OBJ_00280;PROJ_001;BAT_01;N3;B301;SDB_2;LOT_FP;FP_BA13;OBJ_00280;FP-001;Faux plafond BA13;FAUX PLAFOND BA13;4.2;m²;18000.0;75600.0;LOT_FP;FP_BA13;default;BAT_01;N3;B301;SDB_2;COMMUN_BATIMENT;2 x 2.1;;IFC_00280;;;;;;;;;IfcCovering;14000.0;58800.0;IMPORT;SP2I Procurement;NON_COMMENCE;DQE_VALIDATED;LOW;2026-10-01;BIM_READY;OK;LOT_FP|BAT_01|N3|FAUX PLAFOND BA13;A_ANALYSER
OBJ_00281;PROJ_001;BAT_01;N3;B301;SDB_2;LOT_PNT;PNT_MUR;OBJ_00281;PNT-001;Peinture satinée murs;PEINTURE SATINÉE MURS;4.2;m²;6500.0;27300.0;LOT_PNT;PNT_MUR;peinture;BAT_01;N3;B301;SDB_2;COMMUN_BATIMENT;2 x 2.1;;IFC_00281;;;;;;;;;IfcCovering;5000.0;21000.0;IMPORT;SP2I Procurement;NON_COMMENCE;DQE_VALIDATED;LOW;2026-10-01;BIM_READY;OK;LOT_PNT|BAT_01|N3|PEINTURE SATINÉE MURS;A_ANALYSER
OBJ_00282;PROJ_001;BAT_01;N3;B301;SDB_2;LOT_CVC;CVC_UI;OBJ_00282;CVC-UI-001;Split mural;SPLIT MURAL;1.0;u;450000.0;450000.0;LOT_CVC;CVC_UI;default;BAT_01;N3;B301;SDB_2;COMMUN_BATIMENT;Quantité forfaitaire;;IFC_00282;;;;;;;;;IfcUnitaryEquipment;320000.0;320000.0;IMPORT;SP2I Procurement;NON_COMMENCE;DQE_VALIDATED;LOW;2026-10-01;BIM_READY;OK;LOT_CVC|BAT_01|N3|SPLIT MURAL;A_ANALYSER
OBJ_00283;PROJ_001;BAT_01;N3;B301;BALCON;LOT_ELEC;ELEC_EN;OBJ_00283;ELEC-EN-001;Spot LED encastré;SPOT LED ENCASTRÉ;8.0;u;15000.0;120000.0;LOT_ELEC;ELEC_EN;default;BAT_01;N3;B301;BALCON;COMMUN_BATIMENT;Quantité forfaitaire;;IFC_00283;;;;;;;;;IfcLightFixture;12000.0;96000.0;IMPORT;SP2I Procurement;NON_COMMENCE;DQE_VALIDATED;LOW;2026-10-01;BIM_READY;OK;LOT_ELEC|BAT_01|N3|SPOT LED ENCASTRÉ;A_ANALYSER
OBJ_00284;PROJ_001;BAT_01;N3;B301;BALCON;LOT_ELEC;ELEC_PC;OBJ_00284;ELEC-PC-001;Prise 2P+T;PRISE 2P+T;6.0;u;12000.0;72000.0;LOT_ELEC;ELEC_PC;default;BAT_01;N3;B301;BALCON;COMMUN_BATIMENT;Quantité forfaitaire;;IFC_00284;;;;;;;;;IfcOutlet;9000.0;54000.0;IMPORT;SP2I Procurement;NON_COMMENCE;DQE_VALIDATED;LOW;2026-10-01;BIM_READY;OK;LOT_ELEC|BAT_01|N3|PRISE 2P+T;A_ANALYSER
OBJ_00285;PROJ_001;BAT_01;N3;B301;BALCON;LOT_CAR;CAR_SOL;OBJ_00285;CAR-120-001;Carrelage 120x120;CARRELAGE 120X120;22.0;m²;28000.0;616000.0;LOT_CAR;CAR_SOL;default;BAT_01;N3;B301;BALCON;COMMUN_BATIMENT;11 x 2;;IFC_00285;;;;;;;;;IfcCovering;19000.0;418000.0;IMPORT;SP2I Procurement;NON_COMMENCE;DQE_VALIDATED;LOW;2026-10-01;BIM_READY;OK;LOT_CAR|BAT_01|N3|CARRELAGE 120X120;A_ANALYSER
OBJ_00286;PROJ_001;BAT_01;N3;B301;BALCON;LOT_FP;FP_BA13;OBJ_00286;FP-001;Faux plafond BA13;FAUX PLAFOND BA13;22.0;m²;18000.0;396000.0;LOT_FP;FP_BA13;default;BAT_01;N3;B301;BALCON;COMMUN_BATIMENT;11 x 2;;IFC_00286;;;;;;;;;IfcCovering;14000.0;308000.0;IMPORT;SP2I Procurement;NON_COMMENCE;DQE_VALIDATED;LOW;2026-10-01;BIM_READY;OK;LOT_FP|BAT_01|N3|FAUX PLAFOND BA13;A_ANALYSER
OBJ_00287;PROJ_001;BAT_01;N3;B301;BALCON;LOT_PNT;PNT_MUR;OBJ_00287;PNT-001;Peinture satinée murs;PEINTURE SATINÉE MURS;22.0;m²;6500.0;143000.0;LOT_PNT;PNT_MUR;peinture;BAT_01;N3;B301;BALCON;COMMUN_BATIMENT;11 x 2;;IFC_00287;;;;;;;;;IfcCovering;5000.0;110000.0;IMPORT;SP2I Procurement;NON_COMMENCE;DQE_VALIDATED;LOW;2026-10-01;BIM_READY;OK;LOT_PNT|BAT_01|N3|PEINTURE SATINÉE MURS;A_ANALYSER
OBJ_00288;PROJ_001;BAT_01;N3;B301;BALCON;LOT_CVC;CVC_UI;OBJ_00288;CVC-UI-001;Split mural;SPLIT MURAL;1.0;u;450000.0;450000.0;LOT_CVC;CVC_UI;default;BAT_01;N3;B301;BALCON;COMMUN_BATIMENT;Quantité forfaitaire;;IFC_00288;;;;;;;;;IfcUnitaryEquipment;320000.0;320000.0;IMPORT;SP2I Procurement;NON_COMMENCE;DQE_VALIDATED;LOW;2026-10-01;BIM_READY;OK;LOT_CVC|BAT_01|N3|SPLIT MURAL;A_ANALYSER
OBJ_TOIT_001;PROJ_001;BAT_01;TOITURE;COMMUN;TOITURE;LOT_TOIT;TOIT_BAC;OBJ_TOIT_001;TOIT-001;Bac acier isolé;ACIER;550.0;m²;42000.0;23100000.0;LOT_TOIT;TOIT_BAC;gros_oeuvre;BAT_01;TOITURE;COMMUN;TOITURE;COMMUN_BATIMENT;55 x 10;;IFC_TOIT_001;;;;;;;;;IfcRoof;32000.0;17600000.0;IMPORT;Arcelor;NON_COMMENCE;PROCUREMENT;HIGH;2026-11-01;BIM_READY;OK;LOT_TOIT|BAT_01|TOITURE|ACIER;LOCAL_DOMINANT
OBJ_SOL_001;PROJ_001;BAT_01;TOITURE;COMMUN;TOITURE;LOT_SOL;SOL_PV;OBJ_SOL_001;SOL-001;Panneaux photovoltaïques;PANNEAUX PHOTOVOLTAÏQUES;60.0;u;0;0;LOT_SOL;SOL_PV;plomberie;BAT_01;TOITURE;COMMUN;TOITURE;COMMUN_BATIMENT;Puissance calculée;;IFC_SOL_001;;;;;;;;;IfcElectricGenerator;180000.0;10800000.0;IMPORT;Huawei Solar;NON_COMMENCE;PROCUREMENT;HIGH;2026-11-10;BIM_READY;PRIX_UNITAIRE_INVALIDE|PRIX_TOTAL_INVALIDE;LOT_SOL|BAT_01|TOITURE|PANNEAUX PHOTOVOLTAÏQUES;IMPORTABLE
